SpeciesCode,1997,1998,1999,2000,2001,2002,2003,2004,2005,2006,2007,2008,2009,2010,2011,2012,2013,2014,2015,2016,2017,2018
ABDU,NA,NA,NA,NA,NA,NA,NA,NA,NA,NA,NA,0,0,0,0,0,NA,0,0,0,0,0
ACFL,NA,NA,NA,NA,NA,1,NA,NA,NA,NA,1,NA,NA,NA,NA,NA,NA,NA,NA,NA,NA,NA
ALFL,NA,NA,NA,NA,NA,NA,NA,NA,NA,NA,NA,0,0,0,0,0,0,0,0,0,0,0
AMBI,NA,NA,NA,NA,NA,NA,NA,NA,NA,NA,NA,0,0,0,0,0,0,0,0,0,NA,0
AMCO,NA,NA,NA,NA,NA,NA,NA,NA,NA,NA,NA,NA,0,NA,NA,NA,NA,NA,NA,NA,NA,NA
AMCR,NA,NA,NA,NA,NA,NA,NA,NA,NA,NA,NA,0,0,0,0,0,0,0,0,0,0,0
AMGO,NA,NA,NA,NA,NA,NA,NA,NA,NA,NA,NA,10,16,20,16,9,6,18,24,19,6,29
AMGP,NA,NA,NA,NA,NA,NA,NA,NA,NA,NA,NA,NA,NA,0,NA,NA,NA,NA,NA,NA,NA,NA
AMKE,NA,NA,NA,NA,NA,NA,NA,NA,NA,NA,NA,0,NA,NA,NA,NA,NA,NA,NA,0,NA,0
AMPI,NA,NA,NA,NA,NA,NA,NA,NA,NA,NA,NA,1,0,0,0,NA,0,NA,NA,NA,0,NA
AMRE,NA,NA,NA,NA,NA,NA,NA,NA,NA,NA,NA,20,35,80,52,33,46,58,94,95,73,107
AMRO,NA,NA,NA,NA,NA,NA,NA,NA,NA,NA,NA,37,38,18,25,11,28,24,11,10,10,6
AMWI,NA,NA,NA,NA,NA,NA,NA,NA,NA,NA,NA,NA,NA,0,0,NA,NA,0,0,NA,0,0
AMWO,NA,NA,NA,NA,NA,NA,NA,NA,NA,NA,NA,0,0,0,0,1,0,0,0,0,0,0
ARTE,NA,NA,NA,NA,NA,NA,NA,NA,NA,NA,NA,NA,0,0,0,NA,0,NA,NA,NA,NA,NA
ATSP,NA,NA,NA,NA,NA,NA,NA,NA,NA,NA,NA,0,NA,2,11,1,10,10,3,13,3,2
AWPE,NA,NA,NA,NA,NA,NA,NA,NA,NA,NA,NA,NA,NA,NA,NA,NA,NA,NA,NA,NA,NA,NA
BAEA,NA,NA,NA,NA,NA,NA,NA,NA,NA,NA,NA,0,NA,0,0,0,0,0,0,0,0,0
BAGO,NA,NA,NA,NA,NA,NA,NA,0,NA,NA,NA,NA,NA,NA,NA,NA,NA,NA,NA,NA,NA,NA
BANS,NA,NA,NA,NA,NA,NA,1,NA,NA,NA,NA,1,0,0,0,NA,0,0,0,0,0,0
BAOR,NA,NA,NA,NA,NA,NA,NA,NA,NA,NA,NA,26,20,18,25,12,8,24,6,4,3,4
BARS,NA,NA,NA,NA,NA,NA,NA,NA,NA,NA,NA,1,0,0,0,0,0,0,0,0,0,1
BAWW,NA,NA,NA,NA,NA,NA,NA,NA,NA,NA,NA,11,19,34,17,32,17,25,33,22,9,19
BBCU,NA,NA,NA,NA,NA,NA,NA,NA,NA,NA,NA,0,0,4,0,3,1,NA,NA,1,0,NA
BBPL,NA,NA,NA,NA,NA,NA,NA,NA,NA,NA,NA,NA,NA,0,NA,0,NA,NA,0,NA,NA,0
BBWA,NA,NA,1,5,NA,NA,1,NA,NA,NA,1,NA,NA,NA,2,NA,NA,NA,2,NA,1,1
BCCH,NA,NA,NA,NA,NA,NA,NA,NA,NA,NA,NA,106,98,30,265,9,212,8,694,14,374,8
BCNH,NA,NA,NA,NA,NA,NA,NA,NA,NA,NA,NA,NA,0,NA,0,0,0,0,0,0,0,0
BEKI,NA,NA,NA,NA,NA,NA,NA,NA,NA,NA,NA,0,1,0,0,0,0,2,0,0,1,1
BGGN,NA,NA,NA,NA,NA,NA,NA,NA,NA,NA,NA,0,NA,NA,NA,1,NA,NA,NA,NA,0,NA
BHCO,NA,NA,NA,NA,NA,NA,NA,NA,NA,NA,NA,0,2,4,0,0,3,1,0,1,0,0
BHVI,1,1,NA,NA,NA,NA,NA,2,NA,NA,NA,NA,NA,2,1,1,NA,0,NA,0,NA,0
BLBW,NA,NA,NA,NA,NA,2,NA,NA,NA,NA,NA,0,1,0,2,1,0,NA,2,2,1,NA
BLJA,NA,NA,NA,NA,NA,NA,NA,NA,NA,NA,NA,22,20,24,18,8,7,9,10,15,5,8
BLPW,NA,NA,NA,NA,NA,NA,NA,NA,NA,NA,NA,24,24,10,24,34,5,7,4,22,6,11
BLSC,NA,NA,NA,NA,NA,NA,NA,NA,NA,NA,NA,NA,NA,NA,NA,NA,NA,NA,NA,NA,NA,NA
BLTE,NA,NA,NA,NA,NA,NA,NA,NA,NA,NA,NA,NA,0,0,NA,NA,0,NA,0,0,NA,0
BLVU,NA,NA,NA,NA,NA,NA,NA,NA,NA,NA,NA,NA,NA,NA,NA,NA,NA,NA,NA,NA,NA,NA
BOBO,NA,NA,NA,NA,NA,NA,NA,NA,NA,NA,NA,0,0,2,0,0,1,1,0,0,0,0
BOCH,NA,NA,NA,NA,NA,NA,NA,NA,NA,NA,NA,NA,NA,NA,NA,NA,NA,NA,NA,NA,NA,NA
BOGU,NA,NA,NA,NA,NA,NA,NA,NA,NA,NA,NA,0,0,0,NA,NA,0,0,0,0,0,NA
BOWA,NA,NA,NA,NA,NA,NA,NA,NA,NA,NA,NA,NA,NA,NA,NA,NA,NA,NA,0,0,NA,0
BRAN,NA,NA,NA,NA,NA,NA,NA,NA,NA,NA,NA,0,0,0,0,0,0,0,0,0,0,0
BRCR,NA,NA,NA,NA,NA,NA,NA,NA,NA,NA,NA,0,NA,NA,3,0,0,0,1,1,2,NA
BRTH,NA,NA,NA,NA,NA,NA,NA,NA,NA,NA,NA,17,16,20,10,7,17,16,13,25,10,20
BTBW,NA,NA,NA,NA,NA,NA,NA,NA,NA,NA,NA,1,3,2,3,0,1,4,2,0,1,0
BTNW,NA,NA,NA,NA,NA,NA,NA,NA,NA,NA,NA,1,1,6,3,1,2,1,2,2,0,1
BUFF,NA,NA,NA,NA,NA,NA,NA,NA,NA,NA,NA,0,0,0,0,0,0,0,0,0,0,0
BWHA,NA,NA,NA,NA,NA,NA,NA,NA,NA,NA,NA,NA,0,NA,NA,0,NA,0,NA,NA,0,NA
BWTE,NA,NA,NA,NA,NA,NA,NA,NA,NA,NA,NA,NA,0,0,NA,NA,NA,0,NA,NA,0,NA
BWWA,NA,NA,NA,NA,NA,NA,NA,NA,NA,NA,NA,NA,NA,NA,NA,NA,NA,0,NA,NA,NA,NA
CAGO,NA,NA,NA,NA,NA,NA,NA,NA,NA,NA,NA,0,0,0,0,0,0,0,0,0,0,0
CANG,NA,NA,NA,NA,NA,NA,NA,NA,NA,NA,NA,0,0,0,0,0,0,0,0,0,0,0
CARW,NA,NA,NA,NA,NA,NA,NA,NA,NA,NA,NA,NA,NA,NA,1,NA,NA,NA,NA,NA,0,1
CATE,NA,NA,NA,NA,NA,NA,NA,NA,NA,NA,NA,0,NA,0,0,0,NA,0,0,NA,0,NA
CAWA,NA,NA,1,NA,NA,NA,NA,5,NA,NA,1,0,NA,4,4,4,NA,0,3,NA,3,1
CCSP,3,NA,NA,NA,1,NA,1,NA,NA,1,NA,NA,NA,0,NA,NA,0,0,NA,NA,NA,NA
CEDW,NA,NA,NA,NA,NA,NA,NA,NA,NA,NA,NA,25,26,158,26,57,12,189,29,22,11,318
CHSP,NA,NA,NA,NA,NA,NA,NA,NA,NA,NA,NA,10,16,20,18,11,10,5,6,15,2,6
CHSW,NA,NA,NA,NA,NA,NA,NA,NA,NA,NA,NA,0,0,0,NA,NA,0,NA,NA,NA,0,0
CLSW,NA,NA,NA,NA,NA,NA,NA,NA,NA,NA,NA,0,0,0,NA,0,0,0,NA,0,0,3
CMWA,NA,NA,NA,NA,NA,NA,NA,NA,NA,NA,NA,NA,NA,2,NA,NA,NA,0,1,NA,0,1
COGA,NA,NA,NA,NA,NA,NA,NA,NA,NA,NA,NA,NA,NA,0,NA,NA,NA,NA,NA,NA,NA,NA
COGO,NA,NA,NA,NA,NA,NA,NA,NA,NA,NA,NA,0,0,0,0,0,0,0,0,0,0,0
COGR,NA,NA,NA,NA,NA,NA,NA,NA,NA,NA,NA,9,26,56,17,15,7,15,7,8,7,21
COHA,NA,NA,NA,NA,NA,NA,NA,NA,NA,NA,NA,0,0,0,0,NA,NA,0,0,0,0,NA
COLO,NA,NA,NA,NA,NA,NA,NA,NA,NA,NA,NA,1,0,0,0,0,0,0,0,0,7,0
COME,NA,NA,NA,NA,NA,NA,NA,NA,NA,NA,NA,0,0,0,0,0,0,0,0,0,0,0
COMO,NA,NA,NA,NA,NA,NA,NA,NA,NA,NA,NA,NA,NA,0,NA,NA,NA,NA,NA,NA,NA,NA
CONI,NA,NA,NA,NA,NA,NA,NA,NA,NA,NA,NA,0,NA,NA,NA,NA,NA,NA,0,NA,NA,0
CORA,NA,NA,NA,NA,NA,NA,NA,NA,NA,NA,NA,0,0,0,0,0,0,0,0,0,0,0
CORE,NA,NA,NA,NA,NA,NA,NA,NA,NA,NA,NA,NA,NA,NA,NA,NA,0,NA,NA,0,NA,NA
COSN,NA,NA,NA,NA,NA,NA,NA,NA,NA,NA,NA,0,0,0,0,0,0,0,0,0,NA,0
COTE,NA,NA,NA,NA,NA,NA,NA,NA,NA,NA,NA,0,0,0,0,0,0,0,0,0,0,0
COYE,NA,NA,NA,NA,NA,NA,NA,NA,NA,NA,NA,12,17,18,18,20,17,31,21,33,16,22
CSWA,NA,NA,NA,NA,NA,NA,NA,NA,NA,NA,NA,7,10,20,16,26,9,13,23,21,21,27
CUCK,NA,NA,NA,NA,NA,NA,NA,NA,NA,NA,NA,NA,NA,NA,NA,NA,NA,NA,NA,NA,NA,NA
DCCO,NA,NA,NA,NA,NA,NA,NA,NA,NA,NA,NA,0,0,0,0,0,0,0,0,0,0,0
DEJU,NA,NA,NA,NA,NA,NA,NA,NA,NA,NA,NA,1,2,30,23,0,31,7,24,5,35,1
DOWO,NA,NA,NA,NA,NA,NA,NA,NA,NA,NA,NA,14,15,14,10,6,29,18,15,18,15,40
DUNL,NA,NA,NA,NA,NA,NA,NA,NA,NA,NA,NA,NA,0,NA,0,NA,0,NA,0,NA,0,NA
EABL,NA,NA,NA,NA,NA,NA,NA,NA,NA,NA,NA,NA,0,0,0,0,1,0,0,NA,1,0
EAKI,NA,NA,NA,NA,NA,NA,NA,NA,NA,NA,NA,3,3,0,1,1,1,1,0,0,2,1
EAME,NA,NA,NA,NA,NA,NA,NA,NA,NA,NA,NA,0,0,0,0,0,0,0,0,1,0,0
EAPH,NA,NA,NA,NA,NA,NA,NA,NA,NA,NA,NA,0,7,4,6,2,3,5,2,5,4,14
EATO,NA,NA,NA,NA,NA,NA,NA,NA,NA,NA,NA,NA,NA,NA,NA,0,0,NA,NA,0,NA,NA
EAWP,NA,NA,NA,NA,NA,NA,NA,NA,NA,2,NA,0,2,0,1,0,2,3,4,1,3,3
EUST,NA,NA,NA,NA,NA,NA,NA,NA,NA,NA,NA,3,6,10,7,5,8,8,1,0,2,0
EVGR,NA,NA,NA,NA,NA,NA,NA,1,NA,NA,NA,NA,NA,NA,NA,NA,NA,NA,0,NA,NA,NA
EWPW,NA,NA,NA,NA,NA,NA,NA,NA,NA,NA,NA,NA,0,NA,NA,NA,NA,NA,NA,NA,NA,NA
EWWR,NA,NA,NA,NA,NA,NA,NA,NA,NA,NA,NA,0,2,NA,NA,NA,NA,0,NA,NA,NA,NA
FISP,NA,NA,NA,NA,NA,NA,NA,NA,NA,NA,NA,6,5,8,3,9,5,3,4,4,2,3
FOSP,NA,NA,NA,5,NA,NA,1,NA,NA,NA,NA,NA,2,0,2,NA,1,2,1,1,1,NA
FTFL,NA,NA,NA,NA,NA,NA,NA,NA,NA,NA,NA,NA,NA,NA,NA,NA,NA,NA,0,NA,NA,NA
GADW,NA,NA,NA,NA,NA,NA,NA,NA,NA,NA,NA,NA,NA,0,NA,0,0,0,NA,NA,NA,NA
GBBG,NA,NA,NA,NA,NA,NA,NA,NA,NA,NA,NA,0,NA,NA,0,NA,NA,0,0,0,0,NA
GBHE,NA,NA,NA,NA,NA,NA,NA,NA,NA,NA,NA,0,0,0,0,0,0,0,0,0,0,0
GBTH,NA,NA,NA,NA,NA,NA,NA,2,NA,NA,NA,NA,NA,NA,NA,NA,NA,NA,NA,NA,NA,NA
GCFL,NA,NA,NA,NA,NA,NA,NA,NA,NA,NA,NA,7,7,8,6,6,10,10,13,4,4,8
GCKI,NA,NA,NA,NA,NA,NA,NA,13,NA,NA,NA,0,NA,NA,1,0,NA,NA,1,NA,4,3
GCTH,1,NA,NA,NA,NA,NA,1,NA,NA,NA,2,NA,NA,NA,NA,NA,NA,NA,NA,1,1,NA
GHOW,NA,NA,NA,NA,NA,NA,NA,NA,NA,NA,NA,NA,0,NA,NA,NA,0,NA,NA,NA,NA,NA
GLGU,NA,NA,NA,NA,NA,NA,NA,NA,NA,NA,NA,NA,NA,NA,NA,NA,NA,NA,NA,NA,NA,NA
GOEA,NA,NA,NA,NA,NA,NA,NA,NA,NA,NA,NA,NA,NA,NA,NA,NA,NA,NA,NA,NA,NA,0
GRAP,NA,NA,NA,NA,NA,NA,NA,NA,NA,NA,NA,NA,NA,NA,NA,NA,NA,NA,NA,NA,NA,NA
GRCA,NA,NA,NA,NA,NA,NA,NA,NA,NA,NA,NA,9,18,42,13,20,18,58,27,48,33,47
GREG,NA,NA,NA,NA,NA,NA,NA,NA,NA,NA,NA,NA,0,0,NA,0,0,NA,0,0,0,0
GRHE,NA,NA,NA,NA,NA,NA,NA,NA,NA,NA,NA,0,NA,NA,0,0,0,0,0,0,0,0
GRPA,NA,NA,NA,NA,NA,NA,NA,NA,NA,NA,NA,NA,NA,NA,NA,NA,NA,NA,NA,NA,NA,NA
GRSC,NA,NA,NA,NA,NA,NA,NA,NA,NA,NA,NA,0,0,NA,NA,NA,0,0,0,0,0,0
GRYE,NA,NA,NA,NA,NA,NA,NA,NA,NA,NA,NA,0,NA,0,0,0,0,NA,0,0,0,0
GUSP,NA,NA,NA,NA,NA,NA,NA,NA,NA,NA,NA,0,0,0,0,NA,0,0,0,0,NA,0
GWTE,NA,NA,NA,NA,NA,NA,NA,NA,NA,NA,NA,0,NA,0,NA,0,NA,0,0,0,NA,0
GWWA,NA,NA,NA,NA,NA,NA,2,2,NA,NA,NA,NA,NA,NA,NA,NA,NA,NA,NA,NA,NA,NA
HAWO,NA,NA,NA,NA,NA,NA,NA,NA,NA,NA,NA,3,2,6,2,0,3,1,3,4,2,3
HERG,NA,NA,NA,NA,NA,NA,NA,NA,NA,NA,NA,0,0,0,0,0,0,0,0,0,0,0
HETH,NA,NA,NA,NA,NA,NA,NA,1,NA,NA,NA,NA,NA,4,2,2,1,1,1,1,0,0
HOFI,NA,NA,NA,NA,1,NA,NA,NA,NA,NA,NA,NA,NA,NA,0,0,0,0,NA,NA,0,NA
HOGR,NA,NA,NA,NA,NA,NA,NA,NA,NA,NA,NA,0,0,NA,0,0,0,0,0,0,0,0
HOLA,NA,NA,NA,NA,NA,NA,NA,NA,NA,NA,NA,NA,NA,NA,NA,NA,NA,NA,NA,NA,NA,NA
HOME,NA,NA,NA,NA,NA,NA,NA,NA,NA,NA,NA,0,0,0,0,0,0,0,0,0,0,0
HOSP,NA,NA,NA,NA,NA,NA,NA,NA,NA,NA,NA,NA,NA,NA,NA,NA,NA,NA,NA,NA,NA,0
HOWR,NA,NA,NA,3,NA,NA,NA,NA,NA,NA,NA,0,2,4,0,NA,NA,3,9,6,3,2
INBU,NA,NA,NA,NA,NA,NA,2,2,NA,NA,NA,NA,3,0,2,3,NA,2,1,1,1,3
KILL,NA,NA,NA,NA,NA,NA,NA,NA,NA,NA,NA,0,0,6,0,0,0,0,1,0,0,0
LBBG,NA,NA,NA,NA,NA,NA,NA,NA,NA,NA,NA,NA,NA,NA,NA,NA,NA,NA,NA,NA,NA,NA
LBDO,NA,NA,NA,NA,NA,NA,NA,NA,NA,NA,NA,NA,NA,NA,NA,NA,NA,NA,NA,NA,NA,NA
LEBI,NA,NA,NA,NA,NA,NA,NA,NA,NA,NA,NA,NA,NA,NA,NA,0,NA,NA,NA,NA,NA,NA
LEFL,NA,NA,NA,NA,NA,NA,NA,NA,NA,NA,NA,4,7,6,2,5,1,8,1,7,7,8
LESA,NA,NA,NA,NA,NA,NA,NA,NA,NA,NA,NA,0,NA,0,NA,NA,NA,0,0,0,0,0
LESC,NA,NA,NA,NA,NA,NA,NA,NA,NA,NA,NA,0,0,0,0,0,0,0,0,0,0,0
LEYE,NA,NA,NA,NA,NA,NA,NA,NA,NA,NA,NA,NA,NA,0,NA,0,NA,0,0,0,NA,0
LISP,3,NA,6,6,4,2,NA,NA,NA,1,1,3,NA,NA,1,1,NA,0,NA,1,2,1
LTDU,NA,NA,NA,NA,NA,NA,NA,NA,NA,NA,NA,NA,NA,NA,NA,NA,0,NA,NA,0,0,NA
MALL,NA,NA,NA,NA,NA,NA,NA,NA,NA,NA,NA,0,0,0,0,0,0,0,0,0,0,0
MAWA,13,7,NA,NA,NA,NA,NA,NA,NA,NA,NA,4,11,28,16,11,5,4,16,19,8,7
MERL,NA,NA,NA,NA,NA,NA,NA,NA,NA,NA,NA,0,NA,0,NA,0,1,0,1,0,0,0
MODO,NA,NA,NA,NA,NA,NA,NA,NA,NA,NA,NA,0,2,4,0,0,0,0,1,0,0,1
MOWA,2,NA,NA,NA,1,3,NA,1,3,NA,1,NA,0,2,1,0,0,NA,4,1,1,1
NAWA,NA,NA,NA,NA,NA,NA,NA,NA,NA,NA,NA,3,3,28,6,7,2,12,4,2,5,9
NOCA,NA,NA,NA,NA,NA,NA,NA,NA,NA,NA,NA,0,4,0,2,2,1,2,0,3,2,4
NOFL,NA,NA,NA,NA,NA,NA,NA,NA,NA,NA,NA,2,8,10,3,2,2,3,5,10,1,10
NOGO,NA,NA,NA,NA,NA,NA,NA,NA,NA,NA,NA,NA,NA,NA,NA,NA,NA,NA,0,NA,NA,0
NOHA,NA,NA,NA,NA,NA,NA,NA,NA,NA,NA,NA,0,0,0,0,NA,NA,0,0,0,0,0
NOMO,NA,NA,NA,NA,NA,NA,NA,NA,NA,NA,NA,0,NA,NA,0,NA,NA,NA,1,0,0,0
NOPA,NA,NA,NA,NA,NA,3,NA,NA,NA,NA,NA,1,NA,2,1,0,NA,1,1,0,NA,3
NOPI,NA,NA,NA,NA,NA,NA,NA,NA,NA,NA,NA,NA,0,0,NA,0,0,0,0,0,NA,NA
NOWA,NA,NA,NA,NA,NA,NA,NA,NA,NA,NA,NA,7,6,14,8,8,6,4,6,15,11,8
NRWS,NA,NA,NA,NA,NA,NA,NA,NA,NA,NA,NA,0,0,0,0,NA,0,0,0,NA,NA,NA
NSHO,NA,NA,NA,NA,NA,NA,NA,NA,NA,NA,NA,0,NA,0,0,NA,NA,0,0,NA,NA,0
OCWA,NA,NA,NA,1,NA,2,NA,2,NA,NA,NA,1,NA,NA,NA,NA,NA,2,NA,0,3,3
OROR,NA,NA,NA,NA,NA,NA,NA,NA,NA,NA,NA,NA,1,NA,NA,NA,NA,NA,NA,NA,NA,NA
OSFL,NA,NA,NA,NA,NA,NA,NA,NA,NA,NA,NA,NA,NA,NA,NA,NA,NA,NA,NA,NA,NA,NA
OSPR,NA,NA,NA,NA,NA,NA,NA,NA,NA,NA,NA,0,0,0,0,0,0,0,0,0,0,0
OVEN,NA,NA,NA,NA,NA,NA,NA,NA,NA,NA,6,1,1,4,0,1,0,2,1,1,0,4
PAWA,NA,NA,NA,NA,NA,NA,NA,NA,NA,NA,NA,9,8,24,6,16,2,10,13,4,9,31
PBGR,NA,NA,NA,NA,NA,NA,NA,NA,NA,NA,NA,0,0,0,0,0,0,0,0,0,0,0
PEEP,NA,NA,NA,NA,NA,NA,NA,NA,NA,NA,NA,NA,NA,0,NA,NA,NA,NA,NA,NA,NA,NA
PEFA,NA,NA,NA,NA,NA,NA,NA,NA,NA,NA,NA,NA,NA,NA,NA,NA,NA,NA,NA,0,NA,0
PEPL,NA,NA,NA,NA,NA,NA,NA,NA,NA,NA,NA,NA,NA,NA,NA,NA,NA,NA,NA,NA,NA,0
PESA,NA,NA,NA,NA,NA,NA,NA,NA,NA,NA,NA,NA,NA,NA,NA,NA,NA,NA,NA,NA,NA,NA
PHVI,NA,1,NA,NA,NA,1,1,NA,NA,NA,NA,NA,NA,0,0,NA,NA,NA,0,NA,NA,1
PISI,NA,NA,NA,NA,NA,NA,NA,NA,1,NA,NA,NA,0,NA,NA,1,NA,NA,0,0,0,NA
PIWA,NA,NA,NA,NA,NA,NA,NA,NA,NA,NA,NA,0,NA,4,0,NA,1,0,0,0,NA,0
PIWO,NA,NA,NA,NA,NA,NA,NA,NA,NA,NA,NA,0,0,0,0,0,0,0,0,1,0,0
PRAW,NA,NA,NA,NA,NA,NA,NA,NA,NA,NA,NA,NA,NA,NA,NA,NA,NA,0,NA,NA,NA,NA
PROW,NA,NA,NA,NA,NA,NA,NA,NA,NA,NA,NA,NA,NA,NA,NA,NA,1,NA,NA,NA,NA,NA
PUFI,NA,NA,NA,NA,NA,NA,NA,NA,NA,NA,NA,0,0,2,0,0,2,6,1,2,0,5
PUMA,NA,NA,NA,NA,NA,NA,NA,NA,NA,NA,NA,0,0,0,0,0,0,0,0,0,NA,0
RBGR,NA,NA,NA,NA,NA,NA,NA,NA,NA,NA,NA,7,9,4,6,8,1,3,4,7,3,2
RBGU,NA,NA,NA,NA,NA,NA,NA,NA,NA,NA,NA,0,0,0,0,0,0,0,0,0,0,0
RBME,NA,NA,NA,NA,NA,NA,NA,NA,NA,NA,NA,0,NA,0,NA,0,0,0,0,0,0,0
RBNU,NA,NA,NA,NA,NA,NA,NA,NA,NA,NA,NA,1,0,0,0,0,NA,0,1,0,0,1
RBWO,NA,NA,NA,NA,NA,NA,NA,NA,NA,NA,NA,NA,0,NA,NA,NA,NA,NA,NA,NA,0,NA
RCKI,NA,NA,NA,NA,NA,NA,NA,NA,NA,NA,NA,6,6,20,20,47,7,32,15,60,97,17
REDH,NA,NA,NA,NA,NA,NA,NA,NA,NA,NA,NA,NA,NA,NA,NA,NA,NA,NA,0,0,NA,NA
REKN,NA,NA,NA,NA,NA,NA,NA,NA,NA,NA,NA,NA,NA,NA,NA,NA,NA,NA,NA,NA,NA,NA
REVI,NA,NA,NA,NA,NA,NA,NA,NA,NA,NA,NA,7,11,24,12,24,15,15,22,26,19,18
RHWO,NA,NA,NA,NA,NA,NA,NA,NA,1,NA,NA,0,NA,NA,NA,0,0,NA,0,NA,0,NA
RLHA,NA,NA,NA,NA,NA,NA,NA,NA,NA,NA,NA,NA,NA,NA,NA,NA,NA,NA,NA,NA,NA,NA
RNDU,NA,NA,NA,NA,NA,NA,NA,NA,NA,NA,NA,NA,0,NA,0,0,0,0,0,0,0,0
RNGR,NA,NA,NA,NA,NA,NA,NA,NA,NA,NA,NA,0,0,0,0,0,0,0,0,0,0,0
RODO,NA,NA,NA,NA,NA,NA,NA,NA,NA,NA,NA,NA,0,0,NA,0,NA,0,NA,0,NA,NA
ROPI,NA,NA,NA,NA,NA,NA,NA,NA,NA,NA,NA,NA,0,0,NA,0,NA,0,NA,0,NA,NA
RSHA,NA,NA,NA,NA,NA,NA,NA,NA,NA,NA,NA,0,NA,NA,0,0,0,NA,0,NA,0,NA
RTHA,NA,NA,NA,NA,NA,NA,NA,NA,NA,NA,NA,NA,0,0,0,0,0,NA,NA,NA,0,NA
RTHU,NA,NA,NA,NA,NA,NA,NA,NA,NA,NA,NA,0,0,0,0,0,0,0,0,0,0,0
RTLO,NA,NA,NA,NA,NA,NA,NA,NA,NA,NA,NA,NA,NA,NA,NA,NA,0,NA,NA,NA,NA,NA
RUBL,NA,NA,NA,NA,NA,NA,NA,NA,NA,NA,NA,2,0,4,2,0,0,0,0,0,1,1
RUDU,NA,NA,NA,NA,NA,NA,NA,NA,NA,NA,NA,NA,NA,NA,NA,NA,0,NA,NA,NA,NA,NA
RUGR,NA,NA,NA,NA,NA,NA,NA,NA,NA,NA,NA,0,0,0,0,0,NA,0,NA,0,0,0
RUTU,NA,NA,NA,NA,NA,NA,NA,NA,NA,NA,NA,NA,NA,0,NA,NA,NA,NA,NA,NA,NA,NA
RWBL,NA,NA,NA,NA,NA,NA,NA,NA,NA,NA,NA,32,49,52,42,24,12,23,4,28,14,30
SACR,NA,NA,NA,NA,NA,NA,NA,NA,NA,NA,NA,NA,NA,0,NA,NA,NA,NA,0,NA,NA,NA
SAPS,NA,NA,NA,NA,NA,NA,NA,NA,NA,NA,NA,NA,NA,NA,NA,NA,NA,NA,NA,NA,NA,NA
SAVS,NA,NA,NA,NA,NA,NA,NA,NA,NA,NA,NA,4,3,6,0,1,0,0,0,5,0,1
SBDO,NA,NA,NA,NA,NA,NA,NA,NA,NA,NA,2,NA,NA,NA,NA,NA,NA,NA,0,NA,NA,NA
SCTA,NA,NA,NA,NA,NA,NA,NA,NA,NA,NA,NA,0,0,0,0,0,1,0,1,3,1,2
SEOW,NA,NA,NA,NA,NA,NA,NA,NA,NA,NA,NA,NA,NA,NA,NA,NA,NA,NA,0,NA,NA,0
SEPL,NA,NA,NA,NA,NA,NA,NA,NA,NA,NA,NA,NA,0,NA,NA,0,NA,NA,0,0,NA,NA
SESA,NA,NA,1,NA,NA,NA,NA,NA,NA,NA,NA,NA,0,0,0,NA,NA,NA,NA,0,NA,NA
SNGO,NA,NA,NA,NA,NA,NA,NA,NA,NA,NA,NA,NA,NA,NA,NA,0,NA,NA,NA,0,NA,NA
SNOW,NA,NA,NA,NA,NA,NA,NA,NA,NA,NA,NA,NA,NA,NA,NA,NA,NA,NA,NA,NA,NA,0
SORA,NA,NA,NA,NA,NA,NA,NA,NA,NA,NA,NA,NA,NA,NA,NA,NA,NA,NA,0,0,NA,NA
SOSA,NA,NA,NA,NA,NA,NA,NA,NA,NA,NA,NA,0,NA,NA,0,NA,0,NA,0,0,0,NA
SOSP,NA,NA,NA,NA,NA,NA,NA,NA,NA,NA,NA,17,30,56,40,19,31,21,26,35,18,67
SPSA,NA,NA,NA,NA,NA,NA,NA,NA,NA,NA,NA,8,4,0,0,0,6,11,2,1,0,3
SSHA,NA,NA,NA,NA,NA,NA,NA,NA,NA,1,NA,0,0,0,1,1,0,0,0,0,0,0
SUSC,NA,NA,NA,NA,NA,NA,NA,NA,NA,NA,NA,NA,NA,NA,NA,NA,NA,NA,NA,NA,0,NA
SWSP,NA,NA,NA,NA,NA,NA,NA,NA,NA,NA,NA,4,2,6,7,5,2,2,3,10,0,6
SWTH,NA,NA,NA,5,2,1,NA,2,NA,NA,NA,1,3,2,2,2,0,1,1,2,0,2
TEWA,NA,NA,NA,NA,NA,NA,NA,NA,NA,2,NA,NA,0,0,4,2,0,7,1,0,8,9
TRES,NA,NA,NA,NA,NA,NA,NA,NA,NA,NA,NA,11,12,8,3,2,29,13,4,1,2,8
TRFL,NA,NA,19,29,NA,NA,9,NA,NA,14,NA,16,11,14,6,8,9,12,9,19,10,19
TRHE,NA,NA,NA,NA,NA,NA,NA,NA,NA,NA,NA,NA,NA,NA,NA,NA,NA,NA,NA,NA,NA,NA
TUSW,NA,NA,NA,NA,NA,NA,NA,NA,NA,NA,NA,0,NA,NA,NA,NA,NA,NA,NA,NA,NA,NA
TUVU,NA,NA,NA,NA,NA,NA,NA,NA,NA,NA,NA,0,0,0,0,0,0,0,0,0,0,0
UNAC,NA,NA,NA,NA,NA,NA,NA,NA,NA,NA,NA,NA,NA,0,NA,NA,NA,0,0,0,0,0
UNBO,NA,NA,NA,NA,NA,NA,NA,NA,NA,NA,NA,NA,NA,0,0,NA,NA,NA,NA,0,NA,0
UNDD,NA,NA,NA,NA,NA,NA,NA,NA,NA,NA,NA,NA,NA,0,NA,NA,NA,NA,NA,NA,NA,NA
UNDU,NA,NA,NA,NA,NA,NA,NA,NA,NA,NA,NA,NA,NA,0,NA,NA,NA,NA,NA,NA,NA,NA
UNFA,NA,NA,NA,NA,NA,NA,NA,NA,NA,NA,NA,NA,NA,0,NA,NA,NA,NA,0,NA,NA,NA
UNGR,NA,NA,NA,NA,NA,NA,NA,NA,NA,NA,NA,NA,NA,0,NA,NA,NA,NA,NA,NA,NA,NA
UNGU,NA,NA,NA,NA,NA,NA,NA,NA,NA,NA,NA,0,0,0,0,NA,0,0,0,0,NA,0
UNME,NA,NA,NA,NA,NA,NA,NA,NA,NA,NA,NA,NA,NA,0,NA,0,0,0,NA,NA,0,0
UNPA,NA,NA,NA,NA,NA,NA,NA,NA,NA,NA,NA,NA,NA,NA,NA,NA,NA,NA,NA,NA,NA,NA
UNRA,NA,NA,NA,NA,NA,NA,NA,NA,NA,NA,NA,NA,NA,NA,NA,NA,NA,NA,NA,NA,NA,NA
UNSC,NA,NA,NA,NA,NA,NA,NA,NA,NA,NA,NA,NA,NA,NA,NA,NA,NA,NA,NA,NA,NA,NA
UNSG,NA,NA,NA,NA,NA,NA,NA,NA,NA,NA,NA,0,0,0,0,NA,0,0,0,0,NA,0
UNSH,NA,NA,NA,NA,NA,NA,NA,NA,NA,NA,NA,NA,NA,NA,NA,NA,NA,NA,NA,NA,NA,0
UNSP,NA,NA,NA,NA,NA,NA,NA,NA,NA,NA,NA,NA,NA,NA,NA,NA,NA,NA,NA,NA,NA,NA
UNSW,NA,NA,NA,NA,NA,NA,NA,NA,NA,NA,NA,NA,NA,0,NA,NA,NA,NA,NA,NA,NA,NA
UNTE,NA,NA,NA,NA,NA,NA,0,NA,NA,NA,NA,NA,NA,NA,NA,NA,0,NA,0,NA,0,NA
UNVI,NA,NA,NA,NA,NA,NA,NA,NA,NA,NA,NA,NA,NA,0,NA,NA,NA,NA,NA,NA,NA,NA
UNWA,NA,NA,NA,NA,NA,NA,NA,NA,NA,NA,NA,NA,NA,NA,NA,NA,NA,NA,NA,NA,NA,NA
UNWO,NA,NA,NA,NA,NA,NA,NA,NA,NA,NA,NA,NA,NA,NA,NA,NA,NA,NA,NA,NA,NA,NA
UNYE,NA,NA,NA,NA,NA,NA,NA,NA,NA,NA,NA,0,NA,0,NA,NA,NA,0,NA,NA,NA,NA
UPSA,NA,NA,NA,NA,NA,NA,NA,NA,NA,NA,NA,NA,NA,NA,NA,0,NA,NA,NA,NA,NA,NA
USCA,NA,NA,NA,NA,NA,NA,NA,NA,NA,NA,NA,0,0,0,0,0,0,0,0,NA,0,0
VEER,NA,NA,NA,NA,NA,NA,NA,NA,NA,NA,NA,4,4,10,4,11,3,14,9,10,4,9
VESP,1,NA,NA,NA,NA,NA,NA,NA,NA,NA,NA,NA,NA,NA,NA,NA,NA,NA,NA,NA,NA,NA
VIRA,NA,NA,NA,NA,NA,NA,NA,NA,NA,NA,NA,NA,0,0,0,NA,0,0,0,0,0,0
WAVI,NA,NA,NA,NA,NA,NA,NA,NA,NA,NA,NA,0,1,4,3,1,0,4,1,2,5,5
WBNU,NA,NA,NA,NA,NA,NA,NA,NA,NA,NA,NA,0,0,0,1,1,0,0,0,0,1,0
WCSP,NA,NA,NA,NA,NA,NA,NA,NA,NA,NA,NA,2,3,12,3,5,3,2,13,11,4,2
WHIM,NA,NA,NA,NA,NA,NA,NA,NA,NA,NA,NA,NA,NA,NA,0,NA,NA,NA,NA,NA,NA,0
WIFL,NA,NA,NA,NA,NA,NA,NA,NA,NA,NA,NA,NA,0,NA,NA,NA,NA,NA,NA,0,NA,0
WILL,NA,NA,NA,NA,NA,NA,NA,NA,NA,NA,NA,NA,NA,0,NA,NA,NA,NA,NA,NA,NA,NA
WIPH,NA,NA,NA,NA,NA,NA,NA,NA,NA,NA,NA,NA,NA,NA,NA,NA,NA,NA,NA,NA,NA,NA
WISN,NA,NA,NA,NA,NA,NA,NA,NA,NA,NA,NA,0,0,0,0,0,0,0,0,0,NA,0
WITU,NA,NA,NA,NA,NA,NA,NA,NA,NA,NA,NA,0,0,0,0,0,0,0,0,0,0,0
WIWA,NA,NA,NA,NA,NA,NA,NA,NA,NA,NA,NA,11,12,8,22,11,5,13,26,12,21,19
WIWR,NA,NA,NA,NA,NA,NA,NA,NA,NA,NA,NA,0,2,NA,NA,NA,NA,0,NA,NA,NA,NA
WODU,NA,NA,NA,NA,NA,NA,NA,NA,NA,NA,NA,0,0,0,0,0,0,0,0,0,0,0
WOTH,NA,NA,NA,NA,NA,NA,2,NA,NA,NA,NA,4,1,4,3,3,2,3,2,3,4,3
WPWI,NA,NA,NA,NA,NA,NA,NA,NA,NA,NA,NA,NA,0,NA,NA,NA,NA,NA,NA,NA,NA,NA
WTSP,NA,NA,NA,NA,NA,NA,NA,NA,NA,NA,NA,14,19,34,38,39,12,16,30,58,40,29
WWSC,NA,NA,NA,NA,NA,NA,NA,NA,NA,NA,NA,NA,0,0,NA,0,0,0,0,0,0,0
YBCU,NA,NA,NA,NA,NA,NA,NA,NA,NA,NA,NA,NA,NA,0,NA,NA,NA,NA,NA,NA,NA,NA
YBFL,NA,NA,NA,1,NA,NA,2,NA,1,NA,NA,1,2,NA,1,NA,2,1,1,3,2,4
YBSA,NA,NA,NA,NA,NA,NA,NA,NA,NA,NA,NA,1,5,4,1,1,0,1,1,2,1,1
YEWA,NA,NA,NA,NA,NA,NA,NA,NA,NA,NA,NA,36,45,76,29,40,30,50,39,45,49,87
YRWA,NA,NA,NA,NA,NA,NA,NA,NA,NA,NA,NA,52,100,288,79,46,37,125,44,47,23,334
YTVI,NA,NA,NA,NA,NA,NA,NA,NA,NA,NA,NA,NA,NA,NA,NA,NA,NA,NA,NA,NA,NA,NA
YWAR,NA,NA,NA,NA,NA,NA,NA,NA,NA,NA,NA,36,45,76,29,40,30,50,39,45,49,87
NA,NA,NA,NA,NA,NA,NA,NA,NA,NA,NA,NA,NA,NA,NA,NA,0,0,NA,NA,0,0,NA
