SpeciesCode,1995,1996,1997,1998,1999,2000,2001,2002,2003,2004,2005,2006,2007,2008,2009,2010,2011,2012,2013,2014,2015,2016,2017,2018
ALFL,4,1,1,4,6,NA,1,8,4,NA,11,NA,11,NA,5,NA,8,15,NA,13,2,NA,3,28
AMAV,NA,NA,NA,NA,NA,NA,NA,NA,NA,NA,NA,NA,NA,NA,NA,0,NA,NA,NA,NA,NA,NA,NA,NA
AMBI,NA,NA,NA,NA,NA,NA,NA,NA,NA,NA,NA,NA,NA,NA,0,0,0,0,NA,NA,NA,NA,NA,NA
AMCO,NA,NA,NA,NA,NA,NA,NA,NA,NA,NA,NA,NA,NA,NA,NA,NA,0,NA,NA,NA,NA,NA,NA,NA
AMCR,NA,NA,NA,NA,NA,NA,NA,NA,NA,NA,NA,NA,0,0,NA,0,0,0,NA,0,0,0,0,0
AMGO,NA,NA,NA,NA,NA,NA,NA,NA,NA,NA,NA,NA,13,7,1,8,11,17,NA,8,9,0,2,14
AMGP,NA,NA,NA,NA,NA,NA,NA,NA,NA,NA,NA,NA,NA,NA,NA,NA,NA,NA,NA,NA,NA,NA,NA,NA
AMKE,NA,NA,NA,NA,NA,NA,NA,NA,NA,NA,NA,NA,NA,NA,NA,NA,NA,NA,NA,NA,NA,0,NA,0
AMPI,NA,NA,NA,NA,NA,NA,NA,NA,NA,NA,NA,NA,NA,NA,NA,NA,NA,NA,NA,NA,NA,NA,NA,NA
AMRE,NA,NA,NA,NA,NA,NA,NA,NA,4,NA,NA,NA,11,7,1,7,26,10,NA,10,5,1,10,18
AMRO,NA,NA,NA,NA,NA,NA,NA,NA,NA,NA,NA,NA,15,13,30,32,42,35,NA,39,28,9,11,17
AMWI,NA,NA,NA,NA,NA,NA,NA,NA,NA,NA,NA,NA,NA,0,NA,0,0,0,NA,0,NA,0,NA,0
AWPE,NA,NA,NA,NA,NA,NA,NA,NA,NA,NA,NA,NA,0,0,0,0,0,0,NA,0,0,0,0,0
BAEA,NA,NA,NA,NA,NA,NA,NA,NA,NA,NA,NA,NA,NA,NA,NA,NA,NA,NA,NA,0,0,NA,0,NA
BAIS,NA,NA,NA,NA,NA,NA,NA,NA,NA,NA,NA,NA,NA,NA,NA,NA,NA,NA,NA,NA,NA,NA,NA,NA
BANS,NA,NA,NA,NA,NA,NA,NA,NA,NA,NA,NA,NA,0,0,NA,0,0,0,NA,NA,NA,0,0,0
BAOR,NA,NA,NA,NA,NA,NA,NA,NA,NA,NA,NA,NA,13,5,7,6,14,26,NA,20,8,1,9,22
BARS,NA,NA,NA,NA,NA,NA,NA,NA,NA,NA,NA,NA,1,0,0,0,2,2,NA,3,0,0,1,3
BASA,NA,NA,NA,NA,NA,NA,NA,NA,NA,NA,NA,NA,NA,NA,NA,NA,NA,NA,NA,0,NA,NA,NA,0
BAWW,NA,NA,5,NA,NA,NA,2,NA,NA,NA,NA,NA,3,0,3,1,8,6,NA,2,8,11,7,11
BBMA,NA,NA,NA,NA,NA,NA,NA,NA,NA,NA,NA,NA,0,NA,0,0,0,0,NA,1,0,0,0,0
BBPL,NA,NA,NA,NA,NA,NA,NA,NA,NA,NA,NA,NA,NA,NA,NA,NA,NA,NA,NA,0,NA,NA,NA,NA
BBWA,NA,NA,NA,NA,NA,NA,NA,NA,NA,NA,2,NA,NA,NA,NA,1,NA,NA,NA,NA,NA,NA,NA,1
BCCH,NA,NA,NA,NA,NA,NA,NA,NA,NA,NA,NA,NA,NA,NA,0,2,NA,NA,NA,NA,2,NA,1,0
BCNH,NA,NA,NA,NA,NA,NA,NA,NA,NA,NA,NA,NA,NA,NA,NA,NA,NA,NA,NA,NA,NA,NA,NA,NA
BEKI,NA,NA,NA,NA,NA,NA,NA,NA,NA,NA,NA,NA,NA,NA,NA,NA,0,NA,NA,0,NA,NA,NA,NA
BGGN,NA,NA,NA,NA,NA,NA,NA,NA,NA,NA,NA,NA,NA,NA,NA,NA,0,NA,NA,NA,NA,NA,NA,NA
BHCO,NA,NA,NA,NA,NA,NA,NA,NA,NA,NA,NA,NA,17,14,13,18,21,17,NA,16,15,5,6,15
BHVI,NA,NA,NA,NA,NA,NA,NA,NA,NA,NA,NA,NA,NA,0,NA,NA,1,1,3,NA,0,1,NA,NA
BLBW,NA,NA,NA,NA,NA,NA,NA,NA,NA,NA,NA,NA,NA,NA,NA,NA,0,NA,NA,NA,NA,NA,NA,NA
BLJA,NA,NA,NA,NA,NA,NA,NA,NA,NA,NA,NA,NA,1,NA,NA,NA,NA,NA,NA,1,0,0,NA,NA
BLPW,NA,NA,NA,NA,NA,NA,NA,NA,NA,NA,NA,NA,1,2,NA,3,2,5,NA,2,8,2,1,11
BLTE,NA,NA,NA,NA,NA,NA,NA,NA,NA,NA,NA,NA,0,NA,0,0,0,0,NA,0,0,0,NA,0
BOBO,NA,NA,NA,NA,NA,NA,NA,NA,NA,NA,NA,NA,0,0,NA,0,0,0,NA,0,0,0,0,0
BOGU,NA,NA,NA,NA,NA,NA,NA,NA,NA,NA,NA,NA,NA,NA,NA,NA,NA,NA,NA,0,NA,NA,NA,NA
BRBL,NA,NA,NA,NA,NA,NA,NA,NA,NA,NA,NA,NA,7,5,9,5,0,2,NA,1,1,0,1,3
BRCR,NA,NA,NA,NA,NA,NA,NA,NA,NA,NA,NA,NA,NA,NA,1,NA,NA,NA,NA,NA,NA,1,1,0
BRTH,NA,NA,NA,NA,NA,NA,NA,NA,NA,NA,NA,NA,7,4,5,10,12,9,NA,10,6,2,0,1
BTBW,NA,NA,NA,NA,NA,NA,NA,NA,NA,NA,NA,NA,0,NA,NA,NA,NA,NA,NA,NA,NA,NA,NA,NA
BTNW,NA,NA,NA,NA,NA,NA,NA,NA,NA,NA,NA,NA,NA,NA,NA,NA,NA,NA,NA,NA,NA,NA,NA,NA
BWHA,NA,NA,NA,NA,NA,NA,NA,NA,1,NA,NA,NA,NA,NA,NA,NA,NA,NA,NA,0,1,0,NA,NA
BWTE,NA,NA,NA,NA,NA,NA,NA,NA,NA,NA,NA,NA,0,0,0,0,0,0,NA,0,0,0,0,NA
CAEG,NA,NA,NA,NA,NA,NA,NA,NA,NA,NA,NA,NA,NA,NA,NA,NA,NA,0,NA,NA,NA,NA,NA,NA
CAGO,NA,NA,NA,NA,NA,NA,NA,NA,NA,NA,NA,NA,0,0,0,0,0,0,NA,0,0,0,0,0
CAGU,NA,NA,NA,NA,NA,NA,NA,NA,NA,NA,NA,NA,0,0,0,0,0,0,NA,NA,0,0,0,0
CANG,NA,NA,NA,NA,NA,NA,NA,NA,NA,NA,NA,NA,0,0,0,0,0,0,NA,0,0,0,0,0
CANV,NA,NA,NA,NA,NA,NA,NA,NA,NA,NA,NA,NA,NA,NA,NA,NA,0,NA,NA,NA,NA,NA,NA,NA
CATE,NA,NA,NA,NA,NA,NA,NA,NA,NA,NA,NA,NA,NA,0,NA,NA,NA,NA,NA,NA,NA,NA,NA,NA
CAWA,NA,NA,NA,NA,NA,NA,NA,NA,2,NA,NA,NA,NA,NA,NA,1,3,1,NA,1,NA,NA,1,3
CCLO,NA,NA,NA,NA,NA,NA,NA,NA,NA,NA,NA,NA,NA,NA,NA,NA,NA,NA,NA,NA,NA,NA,NA,NA
CCSP,NA,NA,NA,NA,NA,NA,NA,NA,NA,NA,NA,NA,36,35,22,15,41,29,NA,49,55,27,21,28
CEDW,NA,NA,NA,NA,NA,NA,NA,NA,NA,NA,NA,NA,1,0,3,0,4,0,NA,9,0,NA,0,12
CHSP,NA,NA,NA,NA,NA,NA,NA,NA,NA,NA,NA,NA,8,1,1,1,5,9,NA,13,22,19,17,8
CLGR,NA,NA,NA,NA,NA,NA,NA,NA,NA,NA,NA,NA,0,NA,NA,NA,NA,NA,NA,NA,NA,NA,NA,NA
CLSW,NA,NA,NA,NA,NA,NA,NA,NA,NA,NA,NA,NA,0,NA,0,0,0,NA,NA,0,0,0,0,NA
CMWA,NA,NA,NA,NA,NA,NA,NA,NA,NA,1,NA,NA,0,1,NA,NA,0,NA,3,NA,NA,0,0,NA
COGO,NA,NA,NA,NA,NA,NA,NA,NA,NA,NA,NA,NA,NA,NA,NA,NA,NA,NA,NA,NA,NA,NA,NA,0
COGR,NA,NA,NA,NA,NA,NA,NA,NA,NA,NA,NA,NA,3,6,3,8,9,18,NA,8,3,7,5,17
COHA,NA,NA,NA,NA,NA,NA,NA,NA,NA,NA,NA,NA,NA,NA,0,NA,NA,NA,NA,NA,NA,NA,0,0
COLO,NA,NA,NA,NA,NA,NA,NA,NA,NA,NA,NA,NA,0,NA,0,0,NA,0,NA,0,0,NA,NA,0
COME,NA,NA,NA,NA,NA,NA,NA,NA,NA,NA,NA,NA,NA,NA,NA,NA,NA,NA,NA,NA,NA,NA,NA,0
CONI,NA,NA,NA,NA,NA,NA,NA,NA,NA,NA,NA,NA,NA,NA,NA,0,0,NA,NA,NA,0,NA,NA,NA
CONW,NA,NA,NA,1,NA,NA,NA,NA,NA,NA,1,NA,1,NA,NA,NA,1,2,NA,NA,NA,NA,1,NA
CORA,NA,NA,NA,NA,NA,NA,NA,NA,NA,NA,NA,NA,0,NA,0,0,0,NA,NA,0,0,0,0,0
COSN,NA,NA,NA,NA,NA,NA,NA,NA,NA,NA,NA,NA,0,0,0,0,0,0,NA,0,0,0,0,0
COTE,NA,NA,NA,NA,NA,NA,NA,NA,NA,NA,NA,NA,NA,NA,0,NA,NA,NA,NA,NA,NA,NA,NA,0
COYE,2,NA,NA,NA,NA,6,4,NA,NA,NA,NA,NA,6,4,4,8,11,12,NA,11,14,3,5,10
CSWA,NA,NA,NA,NA,NA,NA,NA,NA,NA,1,1,NA,NA,NA,NA,NA,NA,NA,NA,NA,NA,NA,0,1
DCCO,NA,NA,NA,NA,NA,NA,NA,NA,NA,NA,NA,NA,NA,0,0,0,0,0,NA,0,0,0,0,0
DEJU,NA,NA,NA,NA,NA,NA,NA,NA,NA,NA,NA,NA,NA,NA,NA,0,2,0,NA,0,NA,0,0,1
DOWO,NA,NA,NA,NA,NA,NA,NA,NA,NA,NA,NA,NA,1,NA,1,NA,1,NA,NA,0,1,0,0,0
DUNL,NA,NA,NA,NA,NA,NA,NA,NA,NA,NA,NA,NA,NA,NA,NA,NA,NA,NA,NA,NA,NA,NA,NA,NA
EABL,NA,NA,NA,NA,NA,NA,NA,NA,NA,NA,NA,NA,NA,NA,NA,NA,NA,NA,NA,NA,NA,NA,NA,0
EAKI,NA,NA,NA,NA,NA,NA,NA,NA,NA,NA,NA,NA,3,1,2,2,2,2,NA,6,2,0,1,13
EAPH,NA,NA,NA,NA,NA,NA,NA,NA,NA,NA,NA,NA,NA,1,0,NA,1,1,NA,0,NA,0,0,1
EATO,NA,NA,NA,NA,1,NA,NA,NA,NA,NA,NA,NA,NA,NA,NA,NA,0,NA,NA,NA,NA,NA,NA,NA
EUST,NA,NA,NA,NA,NA,NA,NA,NA,NA,NA,NA,NA,0,0,0,0,2,0,NA,NA,0,0,1,3
EVGR,NA,NA,NA,NA,NA,NA,NA,NA,NA,NA,NA,NA,NA,NA,NA,NA,0,NA,NA,NA,NA,NA,NA,NA
FEHA,NA,NA,NA,NA,NA,NA,NA,NA,NA,NA,NA,NA,NA,NA,NA,NA,NA,NA,NA,NA,NA,NA,NA,NA
FISP,NA,NA,NA,NA,NA,NA,NA,NA,NA,NA,NA,NA,NA,NA,NA,NA,NA,NA,NA,NA,NA,NA,NA,NA
FOSP,NA,NA,NA,NA,NA,NA,NA,NA,NA,NA,NA,NA,NA,NA,NA,NA,NA,NA,NA,NA,NA,NA,NA,NA
FOTE,NA,NA,NA,NA,NA,NA,NA,NA,NA,NA,NA,NA,0,NA,0,NA,0,0,NA,0,0,0,0,0
FRGU,NA,NA,NA,NA,NA,NA,NA,NA,NA,NA,NA,NA,0,0,0,0,0,0,NA,0,0,0,NA,0
GADW,NA,NA,NA,NA,NA,NA,NA,NA,NA,NA,NA,NA,NA,NA,NA,NA,0,0,NA,0,NA,0,0,0
GBHE,NA,NA,NA,NA,NA,NA,NA,NA,NA,NA,NA,NA,NA,NA,0,0,0,0,NA,NA,0,0,0,NA
GCKI,NA,NA,NA,NA,NA,NA,NA,NA,NA,NA,NA,NA,NA,NA,NA,NA,NA,NA,NA,NA,NA,NA,NA,NA
GCTH,NA,NA,NA,4,NA,NA,NA,NA,NA,NA,NA,8,1,5,1,5,9,3,NA,15,21,16,5,10
GHOW,NA,NA,NA,NA,NA,NA,NA,NA,NA,NA,NA,NA,NA,NA,NA,NA,0,NA,NA,0,0,NA,0,0
GRAP,NA,NA,NA,NA,NA,NA,NA,NA,NA,NA,NA,NA,NA,NA,NA,NA,NA,NA,NA,NA,NA,NA,NA,NA
GRCA,NA,NA,NA,NA,NA,NA,NA,NA,NA,NA,NA,NA,9,10,14,9,12,14,NA,11,4,NA,4,9
GREG,NA,NA,NA,NA,NA,NA,NA,NA,NA,NA,NA,NA,NA,NA,NA,NA,NA,NA,NA,NA,0,NA,NA,NA
GRPA,NA,NA,NA,NA,NA,NA,NA,NA,NA,NA,NA,NA,NA,NA,NA,NA,NA,NA,NA,NA,NA,NA,NA,NA
GRYE,NA,NA,NA,NA,NA,NA,NA,NA,NA,NA,NA,NA,0,NA,NA,0,NA,NA,NA,NA,NA,NA,0,NA
GWFG,NA,NA,NA,NA,NA,NA,NA,NA,NA,NA,NA,NA,NA,NA,NA,NA,NA,NA,NA,NA,NA,0,NA,NA
GWTE,NA,NA,NA,NA,NA,NA,NA,NA,NA,NA,NA,NA,0,NA,NA,NA,0,1,NA,NA,NA,NA,NA,NA
HASP,NA,NA,NA,NA,NA,NA,NA,NA,NA,NA,NA,NA,0,1,0,0,1,0,NA,2,16,2,1,2
HAWO,1,NA,NA,NA,NA,NA,NA,NA,NA,NA,NA,NA,NA,NA,NA,NA,NA,NA,NA,0,NA,NA,NA,NA
HERG,NA,NA,NA,NA,NA,NA,NA,NA,NA,NA,NA,NA,NA,NA,NA,NA,NA,NA,NA,NA,NA,NA,NA,0
HETH,3,NA,NA,1,NA,NA,NA,NA,1,NA,NA,1,NA,1,7,2,2,NA,2,12,NA,1,NA,1
HOGR,NA,NA,NA,NA,NA,NA,NA,NA,NA,NA,NA,NA,NA,NA,NA,NA,NA,0,NA,NA,NA,0,NA,NA
HOLA,NA,NA,NA,NA,NA,NA,NA,NA,NA,NA,NA,NA,NA,NA,NA,NA,NA,NA,NA,NA,NA,NA,NA,NA
HOME,NA,NA,NA,NA,NA,NA,NA,NA,NA,NA,NA,NA,NA,NA,NA,NA,0,NA,NA,NA,NA,NA,NA,0
HOSP,NA,NA,NA,NA,NA,NA,NA,NA,NA,NA,NA,NA,0,0,0,0,0,NA,NA,0,0,0,0,2
HOWR,NA,32,NA,NA,NA,NA,NA,NA,NA,NA,NA,NA,57,13,21,23,39,47,NA,85,68,38,38,67
HUGO,NA,NA,NA,NA,NA,NA,NA,NA,NA,NA,NA,NA,NA,NA,NA,NA,NA,NA,NA,NA,0,NA,NA,NA
KILL,NA,NA,NA,NA,NA,NA,NA,NA,NA,NA,NA,NA,0,0,0,0,0,0,NA,0,0,0,0,0
LALO,NA,NA,NA,NA,NA,NA,NA,NA,NA,NA,NA,NA,0,0,NA,NA,0,NA,NA,0,NA,NA,NA,NA
LASP,NA,NA,NA,NA,NA,NA,NA,NA,NA,NA,NA,NA,0,0,0,0,0,NA,NA,0,0,0,NA,NA
LCSP,NA,NA,NA,NA,NA,NA,NA,NA,NA,NA,NA,NA,NA,NA,NA,0,0,NA,NA,NA,NA,1,0,NA
LEFL,NA,NA,NA,NA,NA,NA,NA,NA,NA,NA,NA,NA,37,29,62,20,27,86,NA,81,34,29,30,69
LEOW,NA,NA,NA,NA,NA,NA,NA,NA,NA,NA,NA,NA,NA,NA,NA,NA,NA,NA,NA,NA,NA,NA,2,0
LESA,NA,NA,NA,NA,NA,NA,NA,NA,NA,NA,NA,NA,NA,NA,NA,NA,NA,NA,NA,NA,NA,NA,NA,NA
LESC,NA,NA,NA,NA,NA,NA,NA,NA,NA,NA,NA,NA,NA,NA,NA,NA,0,NA,NA,NA,NA,0,0,0
LEYE,NA,NA,NA,NA,NA,NA,NA,NA,NA,NA,NA,NA,0,NA,0,0,0,NA,NA,NA,NA,0,NA,NA
LGPL,NA,NA,NA,NA,NA,NA,NA,NA,NA,NA,NA,NA,NA,NA,NA,NA,NA,NA,NA,NA,NA,NA,NA,NA
LHSP,NA,NA,NA,NA,NA,NA,NA,NA,NA,NA,NA,NA,NA,0,NA,NA,NA,NA,NA,NA,NA,NA,NA,NA
LISP,NA,NA,NA,NA,NA,NA,NA,NA,27,NA,NA,28,2,16,7,62,11,14,NA,17,42,31,5,17
LOSH,NA,NA,NA,NA,NA,NA,NA,NA,NA,NA,NA,NA,0,NA,1,NA,0,0,NA,0,0,NA,NA,NA
LTDU,NA,NA,NA,NA,NA,NA,NA,NA,NA,NA,NA,NA,NA,NA,NA,NA,NA,NA,NA,NA,NA,NA,NA,NA
MAGO,NA,NA,NA,NA,NA,NA,NA,NA,NA,NA,NA,NA,NA,NA,0,0,NA,NA,NA,NA,0,NA,NA,NA
MALL,NA,NA,NA,NA,NA,NA,NA,NA,NA,NA,NA,NA,NA,0,0,0,0,0,NA,0,0,0,0,0
MAWA,1,NA,NA,1,NA,5,NA,NA,1,NA,NA,NA,3,2,1,3,12,6,NA,2,NA,1,12,2
MERL,NA,NA,NA,NA,NA,NA,NA,NA,NA,NA,NA,NA,NA,NA,NA,NA,NA,NA,NA,0,NA,NA,NA,NA
MGWA,NA,NA,NA,NA,NA,NA,2,NA,NA,NA,NA,NA,NA,NA,NA,NA,NA,NA,NA,NA,NA,NA,NA,NA
MODO,NA,NA,NA,NA,NA,NA,NA,NA,NA,NA,NA,NA,1,0,0,5,3,2,NA,2,2,1,0,7
MOWA,3,NA,NA,4,NA,NA,NA,4,1,NA,NA,3,4,2,1,0,9,5,2,10,3,0,6,11
NAWA,NA,NA,5,NA,NA,NA,NA,NA,NA,NA,1,NA,NA,2,NA,NA,1,1,NA,NA,NA,NA,NA,NA
NESP,NA,NA,NA,NA,NA,NA,NA,NA,NA,NA,NA,NA,NA,NA,0,1,1,0,NA,0,NA,NA,NA,NA
NOFL,NA,NA,NA,NA,NA,NA,NA,NA,NA,NA,NA,NA,0,0,0,0,1,1,NA,2,2,1,4,1
NOGO,NA,NA,NA,NA,NA,NA,NA,NA,NA,NA,NA,NA,NA,NA,NA,NA,NA,NA,NA,NA,NA,NA,NA,NA
NOHA,NA,NA,NA,NA,NA,NA,NA,NA,NA,NA,NA,NA,NA,NA,0,0,0,0,NA,0,NA,0,0,0
NOMO,NA,NA,NA,NA,NA,NA,NA,NA,NA,NA,NA,NA,NA,NA,NA,NA,NA,NA,NA,NA,NA,NA,NA,NA
NOPA,NA,NA,NA,NA,NA,NA,NA,NA,NA,NA,NA,NA,NA,NA,0,NA,NA,NA,NA,NA,NA,NA,NA,NA
NOPI,NA,NA,NA,NA,NA,NA,NA,NA,NA,NA,NA,NA,NA,NA,NA,0,0,0,NA,0,0,0,0,NA
NOWA,3,NA,NA,NA,NA,NA,NA,NA,NA,NA,NA,NA,NA,1,0,1,1,NA,NA,NA,7,1,5,0
NSHO,NA,NA,NA,NA,NA,NA,NA,NA,NA,NA,NA,NA,0,0,NA,0,0,0,NA,0,0,NA,NA,0
NSTS,NA,NA,NA,NA,NA,NA,NA,NA,NA,NA,NA,NA,NA,NA,0,1,1,0,NA,0,NA,NA,NA,NA
OCWA,NA,NA,NA,14,NA,15,8,NA,NA,NA,NA,NA,17,4,7,18,7,17,NA,16,10,20,4,23
OROR,NA,NA,NA,NA,NA,NA,NA,NA,NA,1,NA,NA,0,0,0,0,0,3,NA,2,0,NA,0,2
OSFL,NA,1,NA,NA,NA,NA,NA,NA,NA,NA,NA,NA,NA,NA,NA,NA,NA,1,NA,NA,NA,NA,NA,NA
OSPR,NA,NA,NA,NA,NA,NA,NA,NA,NA,NA,NA,NA,NA,NA,NA,NA,NA,NA,NA,0,NA,NA,NA,NA
OVEN,3,NA,10,NA,5,3,2,NA,1,NA,3,NA,4,4,NA,4,9,5,NA,4,19,16,9,8
PAWA,NA,NA,NA,NA,NA,NA,1,NA,NA,NA,NA,3,0,0,NA,0,5,0,NA,5,5,6,4,2
PBGR,NA,NA,NA,NA,NA,NA,NA,NA,NA,NA,NA,NA,NA,NA,NA,NA,0,NA,NA,NA,NA,NA,NA,NA
PEFA,NA,NA,NA,NA,NA,NA,NA,NA,NA,NA,NA,NA,NA,NA,NA,NA,NA,0,NA,0,NA,NA,NA,NA
PESA,NA,NA,NA,NA,NA,NA,NA,NA,NA,NA,NA,NA,NA,NA,NA,NA,NA,NA,NA,NA,NA,NA,NA,NA
PHVI,NA,NA,NA,NA,NA,2,NA,NA,1,NA,NA,NA,NA,1,NA,NA,NA,1,NA,NA,NA,NA,2,1
PIPL,NA,NA,NA,NA,NA,NA,NA,NA,NA,NA,NA,NA,NA,0,NA,NA,NA,NA,NA,NA,NA,NA,NA,NA
PISI,NA,NA,NA,NA,NA,NA,NA,NA,NA,NA,NA,NA,0,0,1,0,0,0,NA,NA,0,0,NA,NA
PUFI,NA,NA,NA,NA,NA,NA,NA,1,NA,NA,NA,NA,NA,NA,0,1,NA,0,NA,1,NA,NA,NA,NA
PUMA,NA,NA,NA,NA,NA,NA,NA,NA,NA,NA,NA,NA,0,0,0,1,0,0,NA,0,0,0,0,0
RBGR,NA,NA,NA,NA,NA,NA,NA,NA,NA,NA,NA,NA,1,0,0,2,2,1,NA,1,1,0,0,0
RBGU,NA,NA,NA,NA,NA,NA,NA,NA,NA,NA,NA,NA,0,0,0,NA,0,0,NA,0,0,0,0,0
RBME,NA,NA,NA,NA,NA,NA,NA,NA,NA,NA,NA,NA,NA,NA,0,NA,NA,NA,NA,NA,NA,NA,NA,NA
RBNU,NA,NA,NA,NA,NA,NA,1,NA,NA,NA,NA,NA,NA,1,NA,NA,NA,NA,NA,NA,NA,NA,NA,0
RCKI,NA,NA,NA,NA,NA,2,NA,NA,1,NA,NA,NA,0,2,1,3,2,1,NA,9,4,14,1,1
REDH,NA,NA,NA,NA,NA,NA,NA,NA,NA,NA,NA,NA,NA,NA,NA,NA,0,NA,NA,NA,NA,0,NA,NA
REKN,NA,NA,NA,NA,NA,NA,NA,NA,NA,NA,NA,NA,NA,NA,NA,NA,NA,NA,NA,0,NA,NA,NA,NA
REVI,NA,NA,1,NA,3,NA,NA,NA,2,NA,1,NA,3,0,NA,NA,0,2,NA,0,0,NA,0,1
RHWO,NA,NA,NA,NA,NA,NA,NA,NA,NA,NA,NA,NA,NA,NA,NA,NA,NA,NA,NA,NA,NA,NA,NA,NA
RLHA,NA,NA,NA,NA,NA,NA,NA,NA,NA,NA,NA,NA,NA,NA,NA,NA,NA,NA,NA,NA,NA,NA,NA,0
RNGR,NA,NA,NA,NA,NA,NA,NA,NA,NA,NA,NA,NA,NA,NA,NA,NA,0,NA,NA,NA,NA,0,0,NA
RNPH,NA,NA,NA,NA,NA,NA,NA,NA,NA,NA,NA,NA,NA,NA,NA,NA,NA,NA,NA,0,NA,NA,NA,NA
RODO,NA,NA,NA,NA,NA,NA,NA,NA,NA,NA,NA,NA,NA,NA,NA,NA,NA,NA,NA,NA,NA,NA,NA,NA
ROPI,NA,NA,NA,NA,NA,NA,NA,NA,NA,NA,NA,NA,NA,NA,NA,NA,NA,NA,NA,NA,NA,NA,NA,NA
ROWR,NA,NA,NA,NA,1,NA,NA,NA,NA,NA,NA,NA,NA,NA,NA,NA,NA,NA,NA,NA,NA,NA,NA,NA
RTHA,NA,NA,NA,NA,NA,NA,NA,NA,NA,NA,NA,NA,NA,NA,0,NA,NA,0,NA,NA,NA,0,0,0
RTHU,1,NA,1,1,2,NA,NA,NA,1,NA,NA,NA,NA,0,1,NA,1,1,NA,3,0,NA,NA,2
RUBL,NA,NA,NA,NA,NA,NA,NA,NA,NA,NA,NA,NA,NA,NA,NA,NA,NA,NA,NA,NA,NA,NA,0,NA
RUTU,NA,NA,NA,NA,NA,NA,NA,NA,NA,NA,NA,NA,NA,NA,NA,NA,NA,NA,NA,NA,0,NA,NA,0
RWBL,NA,NA,NA,NA,NA,NA,NA,NA,NA,NA,NA,NA,2,1,4,3,5,5,NA,7,6,0,2,8
SACR,NA,NA,NA,NA,NA,NA,NA,NA,NA,NA,NA,NA,0,NA,0,0,0,NA,NA,NA,0,0,NA,NA
SAND,NA,NA,NA,NA,NA,NA,NA,NA,NA,NA,NA,NA,NA,NA,NA,NA,NA,NA,NA,NA,NA,NA,NA,NA
SAPH,NA,NA,NA,NA,NA,NA,NA,NA,NA,NA,NA,NA,NA,NA,NA,NA,NA,NA,NA,NA,NA,NA,NA,NA
SAVS,NA,NA,NA,NA,NA,NA,NA,NA,3,NA,1,NA,2,1,7,3,2,1,NA,3,NA,2,0,0
SEOW,NA,NA,NA,NA,NA,NA,NA,NA,NA,NA,NA,NA,NA,NA,NA,NA,NA,NA,NA,0,NA,NA,NA,NA
SEPL,NA,NA,NA,NA,NA,NA,NA,NA,NA,NA,NA,NA,NA,NA,NA,NA,NA,NA,NA,0,NA,NA,NA,NA
SESA,NA,NA,NA,NA,NA,NA,NA,NA,NA,NA,NA,NA,NA,NA,NA,NA,NA,NA,NA,NA,NA,NA,NA,0
SEWR,NA,NA,NA,NA,NA,NA,NA,NA,NA,NA,NA,NA,NA,0,0,NA,0,NA,NA,0,NA,NA,NA,NA
SNBU,NA,NA,NA,NA,NA,NA,NA,NA,NA,NA,NA,NA,NA,NA,NA,NA,NA,NA,NA,0,NA,NA,NA,NA
SNEG,NA,NA,NA,NA,NA,NA,NA,NA,NA,NA,NA,NA,NA,NA,NA,NA,NA,NA,NA,NA,NA,NA,NA,NA
SNGO,NA,NA,NA,NA,NA,NA,NA,NA,NA,NA,NA,NA,NA,NA,0,NA,0,0,NA,NA,0,0,NA,NA
SORA,NA,NA,NA,NA,NA,NA,NA,NA,NA,NA,NA,NA,0,NA,0,0,0,0,NA,0,0,0,0,NA
SOSA,NA,NA,NA,NA,NA,NA,NA,NA,NA,NA,NA,NA,NA,NA,NA,0,NA,0,NA,0,NA,NA,NA,NA
SOSP,NA,NA,NA,NA,NA,NA,NA,NA,NA,NA,NA,NA,0,3,2,1,0,1,NA,0,0,1,0,3
SOVI,1,NA,5,NA,1,NA,NA,NA,1,1,1,NA,NA,NA,NA,NA,NA,NA,NA,NA,NA,NA,NA,NA
SPPI,NA,NA,NA,NA,NA,NA,NA,NA,NA,NA,NA,NA,NA,NA,NA,NA,NA,NA,NA,NA,NA,NA,NA,0
SPSA,NA,NA,NA,NA,NA,NA,NA,NA,NA,NA,NA,NA,0,0,0,0,0,0,NA,0,0,0,0,0
SPTO,1,NA,NA,NA,NA,NA,1,NA,NA,NA,1,NA,NA,0,NA,1,1,0,NA,1,0,0,NA,NA
SSHA,NA,NA,NA,NA,NA,NA,1,NA,NA,NA,NA,NA,0,0,NA,NA,0,2,NA,0,NA,2,0,0
STGR,NA,NA,NA,NA,NA,NA,NA,NA,NA,NA,NA,NA,NA,NA,NA,NA,NA,NA,NA,NA,NA,NA,NA,NA
STSA,NA,NA,NA,NA,NA,NA,NA,NA,NA,NA,NA,NA,NA,NA,NA,NA,NA,NA,NA,0,0,NA,NA,NA
SWHA,NA,NA,NA,NA,NA,NA,NA,NA,NA,NA,NA,NA,NA,NA,NA,0,NA,NA,NA,NA,NA,NA,0,0
SWSP,3,NA,NA,NA,NA,NA,NA,NA,NA,NA,NA,1,NA,NA,NA,0,1,0,1,NA,1,NA,NA,NA
SWTH,NA,NA,NA,NA,NA,NA,NA,NA,NA,NA,NA,NA,21,9,13,35,20,45,NA,67,39,37,28,30
TEWA,NA,NA,NA,NA,NA,NA,NA,NA,NA,NA,NA,NA,19,2,2,4,8,8,NA,5,9,1,29,4
TRES,NA,NA,NA,NA,NA,NA,NA,NA,NA,NA,NA,NA,5,8,10,16,13,6,NA,8,8,6,12,14
TRFL,NA,NA,NA,NA,NA,NA,NA,NA,NA,NA,NA,NA,NA,NA,NA,NA,2,0,NA,NA,NA,NA,NA,NA
TUSW,NA,NA,NA,NA,NA,NA,NA,NA,NA,NA,NA,NA,NA,NA,NA,NA,0,NA,NA,0,NA,NA,NA,NA
TUVU,NA,NA,NA,NA,NA,NA,NA,NA,NA,NA,NA,NA,NA,NA,NA,NA,0,0,NA,0,0,0,0,NA
UNAC,NA,NA,NA,NA,NA,NA,NA,NA,NA,NA,NA,NA,NA,NA,NA,NA,0,0,NA,NA,0,NA,NA,NA
UNBL,NA,NA,NA,NA,NA,NA,NA,NA,NA,NA,NA,NA,NA,NA,NA,NA,0,NA,NA,0,NA,NA,NA,NA
UNFA,NA,NA,NA,NA,NA,NA,NA,NA,NA,NA,NA,NA,NA,NA,NA,NA,NA,NA,NA,NA,NA,NA,NA,NA
UNSP,NA,NA,NA,NA,NA,NA,NA,NA,NA,NA,NA,NA,0,0,NA,NA,NA,0,NA,0,0,NA,0,NA
UNSW,NA,NA,NA,NA,NA,NA,NA,NA,NA,NA,NA,NA,NA,NA,NA,NA,NA,NA,NA,NA,NA,NA,NA,NA
UNVI,NA,NA,NA,NA,NA,NA,NA,NA,NA,NA,NA,NA,NA,NA,NA,NA,NA,NA,NA,NA,NA,NA,NA,NA
UNWA,NA,NA,NA,NA,NA,NA,NA,NA,NA,NA,NA,NA,0,0,NA,NA,NA,NA,NA,NA,0,NA,0,NA
UPSA,NA,NA,NA,NA,NA,NA,NA,NA,NA,NA,NA,NA,NA,NA,NA,0,0,NA,NA,NA,NA,NA,0,NA
VEER,1,NA,NA,NA,1,NA,NA,NA,NA,NA,NA,NA,NA,1,NA,1,1,1,NA,NA,NA,NA,NA,NA
VESP,NA,NA,NA,NA,NA,NA,NA,NA,NA,NA,NA,NA,NA,NA,0,0,1,NA,NA,NA,NA,NA,NA,NA
VIRA,NA,NA,NA,NA,NA,NA,NA,NA,NA,NA,NA,NA,NA,NA,NA,NA,NA,NA,NA,0,0,NA,NA,NA
WAVI,NA,NA,NA,NA,NA,NA,NA,NA,NA,NA,NA,NA,6,1,9,2,2,17,NA,14,5,0,2,11
WBNU,NA,NA,NA,NA,NA,NA,NA,NA,NA,NA,NA,NA,NA,NA,0,NA,NA,NA,NA,NA,NA,NA,NA,NA
WCSP,NA,NA,NA,NA,NA,NA,NA,NA,NA,NA,NA,NA,0,0,2,8,0,2,NA,13,15,14,5,7
WEGR,NA,NA,NA,NA,NA,NA,NA,NA,NA,NA,NA,NA,NA,NA,NA,NA,NA,NA,NA,NA,NA,0,NA,NA
WEKI,NA,NA,NA,NA,NA,NA,NA,NA,NA,NA,NA,NA,2,1,2,1,3,0,NA,4,0,0,4,2
WEME,NA,NA,NA,NA,NA,NA,NA,NA,NA,NA,NA,NA,0,0,0,0,0,0,NA,0,0,0,0,0
WEWP,NA,NA,NA,NA,NA,NA,NA,NA,NA,NA,NA,NA,NA,NA,NA,NA,NA,NA,NA,NA,NA,NA,0,NA
WHTE,NA,NA,NA,NA,NA,NA,NA,NA,NA,NA,NA,NA,NA,NA,NA,NA,NA,NA,NA,NA,NA,NA,NA,NA
WILL,NA,NA,NA,NA,NA,NA,NA,NA,NA,NA,NA,NA,NA,0,0,0,0,0,NA,0,0,0,0,0
WIPH,NA,NA,NA,NA,NA,NA,NA,NA,NA,NA,NA,NA,NA,NA,0,0,0,0,NA,NA,NA,0,0,0
WISN,NA,NA,NA,NA,NA,NA,NA,NA,NA,NA,NA,NA,0,0,0,0,0,0,NA,0,0,0,0,0
WIWA,NA,NA,2,1,1,NA,NA,NA,2,2,4,NA,2,0,0,NA,5,0,NA,1,1,1,2,0
WOTH,NA,NA,NA,NA,NA,NA,NA,NA,NA,NA,NA,NA,NA,NA,NA,NA,1,NA,NA,NA,NA,NA,NA,NA
WRSA,NA,NA,NA,NA,NA,NA,NA,NA,NA,NA,NA,NA,NA,NA,NA,NA,NA,NA,NA,NA,NA,NA,NA,NA
WTSP,NA,NA,NA,NA,NA,NA,NA,NA,NA,NA,NA,NA,11,20,24,80,128,7,NA,69,134,383,48,133
WWSC,NA,NA,NA,NA,NA,NA,NA,NA,NA,NA,NA,NA,0,0,0,0,0,0,NA,0,0,NA,NA,0
YBCH,NA,NA,NA,NA,NA,NA,NA,NA,NA,NA,1,NA,NA,NA,NA,NA,NA,NA,NA,NA,NA,NA,1,NA
YBFL,NA,NA,NA,NA,NA,NA,NA,NA,NA,NA,2,1,NA,NA,NA,NA,NA,NA,NA,NA,NA,NA,NA,NA
YBSA,NA,NA,NA,NA,NA,NA,NA,NA,NA,NA,NA,NA,NA,NA,NA,1,0,NA,NA,NA,1,0,2,NA
YERA,NA,NA,NA,NA,NA,NA,NA,NA,NA,NA,NA,NA,NA,NA,NA,NA,NA,NA,NA,NA,NA,NA,NA,NA
YEWA,NA,NA,NA,NA,NA,NA,NA,NA,NA,NA,NA,NA,35,36,41,21,39,68,NA,50,47,7,22,43
YHBL,NA,NA,NA,NA,NA,NA,NA,NA,NA,NA,NA,NA,0,0,0,0,0,0,NA,0,0,0,0,0
YRWA,NA,NA,NA,NA,NA,NA,NA,NA,NA,NA,NA,NA,11,7,29,41,59,21,NA,29,69,59,32,68
YWAR,NA,NA,NA,NA,NA,NA,NA,NA,NA,NA,NA,NA,35,36,41,21,39,68,NA,50,47,7,22,43
NA,NA,NA,NA,NA,NA,NA,NA,NA,NA,NA,NA,NA,0,0,0,0,0,0,NA,0,0,NA,0,0
