SpeciesCode,1996,1997,1998,1999,2000,2001,2002,2003,2004,2005,2006,2007,2008,2009,2010,2011,2012,2013,2014,2015,2016,2017,2018,2019
ABDU,NA,NA,NA,NA,NA,NA,NA,NA,NA,NA,NA,NA,0,0,NA,0,NA,NA,NA,NA,NA,NA,0,0
ACFL,NA,NA,NA,2,1,NA,2,2,NA,NA,NA,NA,1,NA,NA,NA,NA,NA,NA,NA,NA,NA,NA,NA
ALFL,NA,NA,NA,3,3,3,4,NA,NA,2,NA,NA,8,2,0,NA,NA,0,NA,NA,NA,NA,0,0
AMBI,NA,NA,NA,NA,NA,NA,NA,NA,NA,NA,NA,NA,NA,0,0,NA,0,0,NA,NA,0,NA,NA,NA
AMCO,NA,NA,NA,NA,NA,NA,NA,NA,NA,NA,NA,NA,NA,NA,NA,NA,NA,NA,NA,NA,NA,NA,NA,NA
AMCR,NA,NA,NA,NA,NA,NA,NA,NA,NA,NA,NA,NA,0,0,0,0,0,0,0,NA,0,0,0,0
AMGO,NA,NA,NA,NA,NA,NA,NA,NA,NA,NA,NA,NA,275,530,198,671,401,394,40,NA,361,527,844,225
AMKE,NA,NA,NA,NA,NA,NA,NA,NA,NA,NA,NA,NA,0,0,0,0,0,0,NA,NA,0,0,0,1
AMPI,NA,NA,NA,NA,NA,NA,NA,NA,NA,NA,NA,NA,NA,NA,NA,NA,NA,NA,NA,NA,0,NA,NA,NA
AMRE,NA,NA,NA,NA,NA,NA,NA,NA,NA,NA,NA,NA,30,57,22,95,43,29,29,NA,15,7,36,11
AMRO,NA,NA,NA,NA,NA,NA,NA,NA,NA,NA,NA,NA,40,49,44,69,75,74,13,NA,23,31,48,23
AMWI,NA,NA,NA,NA,NA,NA,NA,NA,NA,NA,NA,NA,0,NA,NA,0,NA,0,0,NA,NA,0,NA,0
AMWO,NA,NA,NA,NA,NA,NA,NA,NA,NA,NA,NA,NA,0,1,1,2,1,0,0,NA,0,0,0,1
ATSP,NA,NA,NA,NA,NA,NA,NA,NA,NA,NA,NA,NA,21,27,4,86,5,88,21,NA,47,17,74,1
BAEA,NA,NA,NA,NA,NA,NA,NA,NA,NA,NA,NA,NA,0,0,0,0,0,0,0,NA,0,0,0,0
BANS,NA,NA,NA,NA,NA,NA,NA,NA,NA,NA,NA,NA,0,0,0,0,0,0,7,NA,0,0,0,0
BAOR,NA,NA,NA,NA,NA,NA,NA,NA,NA,NA,NA,NA,51,36,33,87,30,50,8,NA,38,47,100,117
BARS,NA,NA,NA,NA,NA,NA,NA,NA,NA,NA,NA,NA,0,0,1,0,0,0,0,NA,0,0,0,0
BAWW,NA,NA,NA,NA,NA,NA,NA,NA,NA,NA,NA,NA,8,2,12,14,7,7,5,NA,4,1,8,10
BBCU,NA,NA,NA,NA,NA,NA,NA,NA,NA,NA,NA,NA,4,2,1,1,0,3,0,NA,0,3,4,3
BBPL,NA,NA,NA,NA,NA,NA,NA,NA,NA,NA,NA,NA,NA,NA,NA,NA,NA,NA,NA,NA,NA,NA,NA,NA
BBWA,NA,NA,NA,NA,NA,NA,NA,NA,NA,NA,1,NA,4,1,NA,2,0,1,1,NA,3,0,10,3
BCCH,NA,NA,NA,NA,NA,NA,NA,NA,NA,NA,NA,NA,45,14,8,86,5,39,2,NA,3,6,8,4
BCNH,NA,NA,NA,NA,NA,NA,NA,NA,NA,NA,NA,NA,NA,0,0,NA,NA,NA,NA,NA,NA,NA,NA,NA
BEKI,NA,NA,NA,NA,NA,NA,NA,NA,NA,NA,NA,NA,0,0,0,0,0,0,0,NA,0,0,0,0
BGGN,NA,NA,NA,NA,NA,NA,NA,NA,NA,NA,NA,NA,4,4,7,18,12,5,0,NA,6,6,16,8
BHCO,NA,NA,NA,NA,NA,NA,NA,NA,NA,NA,NA,NA,76,53,72,158,129,129,14,NA,155,79,188,52
BHVI,NA,3,NA,NA,NA,NA,NA,NA,NA,NA,NA,NA,2,3,2,6,4,2,1,NA,0,2,2,11
BLBW,NA,NA,NA,NA,NA,NA,NA,NA,NA,NA,NA,NA,4,3,2,4,4,2,2,NA,1,2,0,7
BLJA,NA,NA,NA,NA,NA,NA,NA,NA,NA,NA,NA,NA,44,27,28,29,15,38,2,NA,14,38,10,14
BLPW,NA,1,NA,NA,NA,4,NA,NA,NA,NA,NA,NA,24,28,4,14,14,9,4,NA,1,6,28,3
BLTE,NA,NA,NA,NA,NA,NA,NA,NA,NA,NA,NA,NA,NA,NA,NA,NA,NA,NA,NA,NA,NA,NA,NA,NA
BLVU,NA,NA,NA,NA,NA,NA,NA,NA,NA,NA,NA,NA,NA,NA,NA,NA,0,NA,NA,NA,NA,NA,NA,NA
BOBO,NA,NA,NA,NA,NA,NA,NA,NA,NA,NA,NA,NA,0,0,0,0,0,0,0,NA,0,0,0,0
BOGU,NA,NA,NA,NA,NA,NA,NA,NA,NA,NA,NA,NA,0,0,0,0,0,0,0,NA,0,0,0,0
BRCR,NA,NA,NA,NA,NA,NA,NA,NA,NA,NA,NA,NA,7,6,1,27,4,12,4,NA,1,3,4,2
BRTH,NA,NA,NA,NA,NA,NA,NA,NA,NA,NA,NA,NA,5,8,9,3,4,10,2,NA,6,3,4,6
BRWA,NA,NA,NA,NA,3,2,NA,NA,NA,NA,NA,NA,0,NA,NA,4,0,0,NA,NA,1,NA,0,1
BTBW,NA,NA,NA,NA,NA,NA,NA,NA,NA,NA,NA,NA,18,14,9,9,5,18,5,NA,2,3,0,1
BTNW,NA,NA,NA,NA,NA,NA,NA,NA,NA,NA,NA,NA,6,7,3,4,5,4,2,NA,1,1,6,1
BUFF,NA,NA,NA,NA,NA,NA,NA,NA,NA,NA,NA,NA,0,NA,NA,0,NA,NA,NA,NA,NA,0,0,0
BWHA,NA,NA,NA,NA,NA,NA,NA,NA,NA,0,NA,NA,0,0,0,0,0,0,NA,NA,NA,0,0,0
BWTE,NA,NA,NA,NA,NA,NA,NA,NA,NA,NA,NA,NA,0,0,0,NA,0,0,0,NA,NA,NA,0,NA
BWWA,2,NA,NA,NA,NA,NA,NA,NA,NA,NA,NA,NA,13,10,19,22,15,17,NA,NA,14,12,34,20
CAEG,NA,NA,NA,NA,NA,NA,NA,NA,NA,NA,NA,NA,NA,NA,NA,NA,NA,NA,NA,NA,NA,NA,NA,NA
CAGO,NA,NA,NA,NA,NA,NA,NA,NA,NA,NA,NA,NA,0,0,0,0,0,0,0,NA,0,0,0,0
CANG,NA,NA,NA,NA,NA,NA,NA,NA,NA,NA,NA,NA,0,0,0,0,0,0,0,NA,0,0,0,0
CANV,NA,NA,NA,NA,NA,NA,NA,NA,NA,NA,NA,NA,NA,NA,NA,NA,NA,NA,NA,NA,NA,NA,NA,NA
CARW,NA,NA,1,1,NA,NA,NA,NA,NA,NA,NA,NA,2,3,1,0,4,2,1,NA,0,0,2,3
CATE,NA,NA,NA,NA,NA,NA,NA,NA,NA,NA,NA,NA,0,0,0,0,0,0,0,NA,0,0,0,0
CAWA,NA,16,NA,NA,NA,NA,NA,NA,NA,NA,10,10,15,30,15,54,25,9,16,NA,4,1,4,6
CCSP,NA,NA,NA,1,NA,NA,NA,NA,NA,NA,NA,NA,NA,NA,NA,2,0,0,NA,NA,NA,NA,NA,NA
CEDW,NA,NA,NA,NA,NA,NA,NA,NA,NA,NA,NA,NA,27,15,5,96,73,25,3,NA,24,21,102,45
CERW,NA,NA,NA,NA,NA,NA,NA,NA,NA,NA,NA,NA,NA,NA,NA,0,NA,NA,NA,NA,NA,NA,NA,NA
CHSP,NA,NA,NA,NA,NA,NA,NA,NA,NA,NA,NA,NA,62,82,82,150,45,109,6,NA,56,66,58,61
CHSW,NA,NA,NA,NA,NA,NA,NA,NA,NA,NA,NA,NA,0,0,0,0,0,0,0,NA,0,0,0,0
CLSW,NA,NA,NA,NA,NA,NA,NA,NA,NA,NA,NA,NA,0,NA,0,0,0,0,NA,NA,0,NA,0,NA
CMWA,NA,NA,NA,NA,NA,3,NA,NA,NA,NA,NA,NA,0,1,NA,NA,0,5,1,NA,2,0,8,0
COGA,NA,NA,NA,NA,NA,NA,NA,NA,NA,NA,NA,NA,NA,NA,NA,NA,NA,NA,NA,NA,NA,NA,NA,NA
COGO,NA,NA,NA,NA,NA,NA,NA,NA,NA,NA,NA,NA,0,0,0,0,NA,0,0,NA,0,0,0,0
COGR,NA,NA,NA,NA,NA,NA,NA,NA,NA,NA,NA,NA,46,71,40,23,27,130,18,NA,12,3,6,0
COHA,NA,NA,NA,NA,NA,NA,NA,NA,NA,NA,NA,NA,0,0,0,0,0,0,0,NA,0,0,0,0
COLO,NA,NA,NA,NA,NA,NA,NA,NA,NA,NA,NA,NA,0,0,0,0,0,0,0,NA,0,0,0,0
COME,NA,NA,NA,NA,NA,NA,NA,NA,NA,NA,NA,NA,0,0,0,0,0,0,0,NA,0,0,0,0
COMO,NA,NA,NA,NA,NA,NA,NA,NA,NA,NA,NA,NA,NA,NA,NA,NA,NA,NA,NA,NA,NA,NA,NA,NA
COMU,NA,NA,NA,NA,NA,NA,NA,NA,NA,NA,NA,NA,NA,NA,NA,NA,NA,NA,NA,NA,NA,NA,NA,NA
CONI,NA,NA,NA,NA,NA,NA,NA,NA,NA,0,NA,NA,NA,0,0,NA,0,0,NA,NA,0,0,0,0
CONW,NA,NA,NA,NA,1,NA,2,NA,1,NA,NA,NA,NA,NA,NA,NA,NA,0,NA,NA,NA,NA,2,NA
CORA,NA,NA,NA,NA,NA,NA,NA,NA,NA,NA,NA,NA,NA,NA,NA,NA,0,NA,NA,NA,NA,0,0,0
CORE,NA,NA,NA,NA,NA,NA,NA,NA,NA,NA,NA,NA,5,NA,NA,NA,NA,7,NA,NA,NA,NA,NA,NA
COSN,NA,NA,NA,NA,NA,NA,NA,NA,NA,NA,NA,NA,0,0,0,0,NA,0,0,0,NA,NA,NA,NA
COTE,NA,NA,NA,NA,NA,NA,NA,NA,NA,NA,NA,NA,0,0,0,NA,NA,NA,0,NA,0,NA,0,0
COYE,NA,NA,NA,NA,NA,NA,NA,NA,NA,NA,NA,NA,76,80,60,157,108,74,43,NA,50,63,88,31
CSWA,NA,NA,NA,NA,NA,NA,NA,NA,NA,NA,NA,NA,21,32,13,51,20,25,12,NA,7,5,18,14
DCCO,NA,NA,NA,NA,NA,NA,NA,NA,NA,NA,NA,NA,0,0,0,0,0,0,0,NA,0,0,0,0
DEJU,NA,NA,NA,NA,NA,NA,NA,NA,NA,NA,NA,NA,140,171,104,172,105,267,56,NA,87,62,188,48
DOWO,NA,NA,NA,NA,NA,NA,NA,NA,NA,NA,NA,NA,11,6,5,10,7,7,2,NA,6,7,16,5
DOWS,NA,NA,NA,NA,NA,NA,NA,NA,NA,NA,NA,NA,NA,NA,NA,NA,NA,NA,NA,NA,NA,NA,NA,NA
DUNL,NA,NA,NA,NA,NA,NA,NA,NA,NA,NA,NA,NA,NA,NA,NA,NA,NA,NA,NA,NA,NA,NA,NA,NA
EABL,NA,NA,NA,NA,NA,NA,NA,NA,NA,NA,NA,NA,2,5,3,24,10,3,0,NA,1,2,28,4
EAKI,NA,NA,NA,NA,NA,NA,NA,NA,NA,NA,NA,NA,0,0,1,2,2,2,1,NA,6,1,6,2
EAME,NA,NA,NA,NA,NA,NA,NA,NA,NA,NA,NA,NA,0,0,0,0,0,0,NA,NA,0,NA,0,0
EAPH,NA,NA,NA,NA,NA,NA,NA,NA,NA,NA,NA,NA,4,4,3,6,2,4,3,NA,1,3,2,7
EASO,NA,1,NA,NA,NA,NA,NA,NA,NA,NA,1,NA,6,1,0,NA,0,1,0,NA,NA,NA,0,NA
EATO,NA,NA,NA,NA,NA,NA,NA,NA,NA,NA,NA,NA,2,0,2,2,2,7,2,NA,1,0,NA,1
EAWP,NA,NA,NA,NA,NA,NA,NA,NA,NA,NA,NA,NA,1,5,5,7,2,4,0,NA,5,4,16,3
EUST,NA,NA,NA,NA,NA,NA,NA,NA,NA,NA,NA,NA,5,7,3,6,2,12,1,NA,0,0,6,2
EVGR,NA,NA,NA,NA,NA,NA,NA,NA,NA,NA,NA,NA,NA,NA,NA,NA,NA,NA,NA,NA,NA,NA,NA,NA
EWPW,NA,NA,NA,NA,NA,NA,NA,NA,NA,NA,NA,NA,NA,NA,NA,NA,NA,NA,NA,NA,0,NA,NA,NA
EWWR,NA,NA,NA,NA,NA,NA,NA,NA,NA,NA,NA,NA,1,3,2,11,10,2,3,NA,0,2,NA,NA
FICR,NA,NA,NA,NA,NA,NA,NA,NA,NA,NA,NA,NA,NA,NA,NA,NA,NA,NA,0,NA,NA,NA,NA,NA
FISP,NA,NA,NA,NA,NA,NA,NA,NA,NA,NA,NA,NA,28,28,25,36,56,30,2,NA,22,33,34,30
FOSP,NA,NA,NA,NA,NA,NA,NA,NA,NA,NA,NA,NA,9,13,3,9,2,7,6,NA,0,2,4,1
FOTE,NA,NA,NA,NA,NA,NA,NA,NA,NA,NA,NA,NA,NA,NA,NA,NA,NA,NA,NA,NA,NA,NA,0,NA
GADW,NA,NA,NA,NA,NA,NA,NA,NA,NA,NA,NA,NA,0,NA,NA,NA,NA,NA,NA,NA,NA,NA,NA,NA
GBBG,NA,NA,NA,NA,NA,NA,NA,NA,NA,NA,NA,NA,NA,0,0,0,NA,0,NA,NA,NA,NA,NA,NA
GBHE,NA,NA,NA,NA,NA,NA,NA,NA,NA,NA,NA,NA,0,0,0,0,0,0,0,NA,0,0,0,0
GCFL,NA,NA,NA,NA,NA,NA,NA,NA,NA,NA,NA,NA,6,0,5,6,5,1,0,NA,4,4,4,4
GCKI,NA,NA,NA,NA,NA,NA,NA,NA,NA,NA,NA,NA,34,107,40,77,60,185,34,NA,23,38,56,31
GCTH,NA,NA,NA,NA,NA,7,9,NA,NA,28,6,8,2,4,4,6,4,NA,5,NA,NA,2,2,NA
GHOW,NA,NA,NA,NA,NA,NA,NA,NA,NA,NA,NA,NA,0,NA,0,0,0,0,0,NA,NA,0,0,0
GLGU,NA,NA,NA,NA,NA,NA,NA,NA,NA,NA,NA,NA,NA,NA,NA,NA,NA,NA,0,NA,NA,NA,NA,NA
GOEA,NA,NA,NA,NA,NA,NA,NA,NA,NA,NA,NA,NA,NA,NA,NA,NA,NA,NA,NA,NA,0,NA,NA,NA
GRCA,NA,NA,NA,NA,NA,NA,NA,NA,NA,NA,NA,NA,178,163,166,311,175,194,81,NA,97,93,160,91
GREG,NA,NA,NA,NA,NA,NA,NA,NA,NA,NA,NA,NA,NA,NA,NA,NA,0,NA,0,NA,0,0,0,NA
GRHE,NA,NA,NA,NA,NA,NA,NA,NA,NA,NA,NA,NA,0,0,0,0,0,0,0,NA,0,0,0,0
GRSC,NA,NA,NA,NA,NA,NA,NA,NA,NA,NA,NA,NA,0,NA,0,NA,NA,NA,NA,NA,NA,NA,NA,NA
GRSP,NA,NA,NA,NA,NA,NA,NA,NA,NA,NA,NA,NA,NA,NA,NA,NA,NA,NA,NA,NA,NA,NA,NA,NA
GRYE,NA,NA,NA,NA,NA,NA,NA,NA,NA,NA,NA,NA,0,NA,0,0,0,0,NA,NA,0,0,0,0
GWFG,NA,NA,NA,NA,NA,NA,NA,NA,NA,NA,NA,NA,NA,NA,NA,NA,0,NA,NA,NA,NA,NA,NA,0
GWTE,NA,NA,NA,NA,NA,NA,NA,NA,NA,NA,NA,NA,0,0,NA,0,NA,0,NA,NA,NA,NA,0,NA
GWWA,NA,NA,NA,NA,NA,NA,NA,1,NA,1,NA,NA,3,1,NA,NA,NA,NA,NA,NA,NA,NA,NA,NA
HAWO,NA,NA,NA,NA,NA,NA,NA,NA,NA,NA,NA,NA,4,1,4,0,2,0,0,NA,3,1,4,2
HERG,NA,NA,NA,NA,NA,NA,NA,NA,NA,NA,NA,NA,0,0,0,0,0,0,0,NA,0,0,0,0
HETH,NA,NA,NA,NA,NA,NA,NA,NA,NA,NA,NA,NA,20,23,18,30,34,27,9,NA,14,4,20,13
HOFI,NA,NA,NA,NA,NA,NA,NA,NA,NA,NA,NA,NA,2,11,4,18,4,6,0,NA,8,4,6,1
HOGR,NA,NA,NA,NA,NA,NA,NA,NA,NA,NA,NA,NA,NA,NA,NA,NA,NA,NA,0,NA,NA,NA,0,0
HOLA,NA,NA,NA,NA,NA,NA,NA,NA,NA,NA,NA,NA,0,0,0,NA,NA,0,NA,NA,NA,0,NA,0
HOME,NA,NA,NA,NA,NA,NA,NA,NA,NA,NA,NA,NA,0,0,0,0,0,0,0,NA,0,0,0,0
HOSP,NA,NA,NA,NA,NA,NA,NA,NA,NA,NA,NA,NA,1,1,2,38,0,0,NA,NA,6,3,18,0
HOWA,NA,1,NA,NA,1,1,1,1,NA,NA,1,1,1,NA,0,3,NA,2,NA,NA,0,NA,NA,NA
HOWR,NA,NA,NA,NA,NA,NA,NA,NA,NA,NA,NA,NA,34,29,28,33,37,41,7,NA,13,16,32,22
HYBG,NA,NA,NA,NA,3,2,NA,NA,NA,NA,NA,NA,0,NA,NA,4,0,0,NA,NA,1,NA,0,1
INBU,NA,3,NA,NA,NA,NA,NA,NA,NA,NA,NA,NA,19,27,17,56,21,18,1,NA,13,13,36,15
KILL,NA,NA,NA,NA,NA,NA,NA,NA,NA,NA,NA,NA,4,0,0,0,4,0,0,NA,0,0,0,0
KIRA,NA,NA,NA,NA,NA,NA,NA,NA,NA,NA,NA,NA,NA,NA,NA,NA,NA,NA,NA,NA,NA,NA,NA,NA
LALO,NA,NA,NA,NA,NA,NA,NA,NA,NA,NA,NA,NA,NA,NA,NA,NA,0,NA,NA,NA,NA,NA,NA,NA
LAWA,NA,NA,NA,NA,NA,1,NA,NA,NA,NA,NA,NA,NA,NA,NA,NA,NA,NA,NA,NA,NA,1,NA,NA
LBBG,NA,NA,NA,NA,NA,NA,NA,NA,NA,NA,NA,NA,NA,NA,NA,NA,NA,NA,NA,NA,NA,NA,NA,NA
LEBI,NA,NA,NA,NA,NA,NA,NA,NA,NA,NA,NA,NA,NA,NA,NA,NA,NA,NA,NA,NA,NA,NA,NA,NA
LEFL,NA,NA,NA,NA,NA,NA,NA,NA,NA,NA,NA,NA,14,13,27,29,22,6,1,NA,3,7,10,9
LEOW,NA,1,NA,1,NA,NA,NA,NA,NA,NA,NA,NA,NA,NA,NA,NA,NA,NA,NA,NA,NA,NA,NA,NA
LESA,NA,NA,NA,NA,NA,NA,NA,NA,NA,NA,NA,NA,NA,NA,NA,NA,0,0,NA,NA,NA,NA,NA,NA
LESC,NA,NA,NA,NA,NA,NA,NA,NA,NA,NA,NA,NA,NA,NA,NA,NA,NA,NA,0,NA,NA,NA,NA,NA
LEYE,NA,NA,NA,NA,NA,NA,NA,NA,NA,NA,NA,NA,0,0,NA,0,0,0,NA,NA,0,NA,NA,0
LIGU,NA,NA,NA,NA,NA,NA,NA,NA,NA,NA,NA,NA,NA,NA,NA,NA,NA,NA,NA,NA,NA,NA,NA,NA
LISP,NA,NA,NA,55,28,NA,NA,NA,NA,NA,NA,31,29,21,15,40,35,17,13,NA,7,5,8,17
LOSH,NA,NA,NA,NA,NA,NA,NA,NA,NA,NA,NA,NA,NA,NA,NA,NA,NA,NA,NA,NA,NA,NA,NA,NA
LOWA,1,NA,NA,NA,NA,NA,NA,NA,NA,NA,NA,NA,NA,NA,NA,NA,NA,NA,NA,NA,NA,NA,NA,NA
LTDU,NA,NA,NA,NA,NA,NA,NA,NA,NA,NA,NA,NA,NA,NA,NA,NA,NA,NA,NA,NA,NA,NA,NA,NA
MALL,NA,NA,NA,NA,NA,NA,NA,NA,NA,NA,NA,NA,0,0,0,0,0,0,0,NA,0,0,0,0
MAWA,NA,NA,NA,NA,NA,NA,NA,NA,NA,NA,NA,NA,95,94,76,145,115,72,89,NA,37,13,76,33
MAWR,NA,NA,NA,NA,NA,NA,NA,NA,NA,NA,NA,2,1,1,NA,NA,NA,2,2,NA,NA,NA,NA,NA
MERL,NA,NA,NA,NA,NA,NA,NA,NA,NA,NA,NA,NA,0,NA,NA,0,NA,0,NA,NA,0,NA,0,NA
MODO,NA,NA,NA,NA,NA,NA,NA,NA,NA,NA,NA,NA,11,21,36,82,54,61,9,NA,30,37,46,11
MOWA,NA,NA,3,NA,NA,NA,NA,NA,NA,NA,NA,NA,7,9,12,13,9,12,3,NA,3,1,6,7
MUSW,NA,NA,NA,NA,NA,NA,NA,NA,NA,NA,NA,NA,NA,NA,NA,0,NA,NA,NA,NA,NA,NA,NA,NA
NAWA,NA,NA,NA,NA,NA,NA,NA,NA,NA,NA,NA,NA,29,33,35,67,60,37,31,NA,24,19,20,31
NOCA,NA,NA,NA,NA,NA,NA,NA,NA,NA,NA,NA,NA,20,12,12,22,16,40,4,NA,8,7,12,8
NOFL,NA,NA,NA,NA,NA,NA,NA,NA,NA,NA,NA,NA,1,4,1,10,5,3,2,NA,3,0,2,4
NOGO,NA,NA,NA,NA,NA,NA,NA,NA,NA,NA,NA,NA,NA,NA,NA,NA,NA,NA,NA,NA,NA,NA,NA,NA
NOHA,NA,NA,NA,NA,NA,NA,NA,NA,NA,NA,NA,NA,0,0,0,0,0,0,NA,NA,0,0,0,NA
NOMO,NA,NA,NA,NA,NA,NA,NA,NA,NA,NA,NA,NA,NA,0,NA,NA,1,0,NA,NA,0,NA,0,0
NOPA,NA,NA,NA,NA,1,NA,NA,NA,NA,NA,NA,1,2,2,3,0,1,2,4,NA,0,1,NA,9
NOPI,NA,NA,NA,NA,NA,NA,NA,NA,NA,NA,NA,NA,0,0,NA,0,NA,0,0,NA,NA,NA,NA,0
NOWA,NA,NA,NA,NA,NA,NA,NA,NA,NA,NA,NA,NA,18,10,16,31,36,33,18,NA,2,2,8,7
NRWS,NA,NA,NA,NA,NA,NA,NA,NA,NA,NA,NA,NA,1,0,2,4,1,0,NA,NA,0,1,4,0
NSHO,NA,NA,NA,NA,NA,NA,NA,NA,NA,NA,NA,NA,NA,NA,NA,NA,NA,NA,NA,NA,NA,NA,NA,0
NSHR,NA,NA,NA,NA,NA,NA,NA,1,NA,NA,NA,NA,0,NA,NA,NA,2,NA,NA,NA,NA,NA,NA,NA
NSWO,NA,NA,NA,NA,2,NA,NA,2,1,NA,NA,NA,NA,NA,NA,NA,NA,NA,NA,NA,NA,NA,NA,NA
OCWA,1,1,NA,NA,NA,NA,3,5,NA,2,2,NA,NA,NA,1,3,1,NA,NA,NA,2,1,2,4
OROR,NA,NA,NA,NA,NA,NA,NA,NA,NA,NA,NA,NA,14,2,12,14,9,9,2,NA,7,15,12,26
OSFL,NA,NA,NA,NA,NA,NA,NA,NA,NA,NA,NA,NA,NA,NA,NA,NA,NA,0,NA,NA,NA,0,NA,0
OSPR,NA,NA,NA,NA,NA,NA,NA,NA,NA,NA,NA,NA,0,0,0,0,0,0,NA,NA,0,0,0,0
OVEN,NA,NA,NA,NA,NA,NA,NA,NA,NA,NA,NA,NA,11,7,7,29,18,10,11,NA,6,4,10,7
PAWA,NA,NA,NA,NA,NA,NA,NA,NA,NA,NA,NA,NA,28,8,2,16,46,9,5,NA,12,10,12,14
PBGR,NA,NA,NA,NA,NA,NA,NA,NA,NA,NA,NA,NA,NA,0,NA,NA,NA,0,NA,NA,0,NA,0,NA
PEFA,NA,NA,NA,NA,NA,NA,NA,NA,NA,NA,NA,NA,NA,NA,NA,0,NA,NA,NA,NA,NA,NA,NA,0
PESA,NA,NA,NA,NA,NA,NA,NA,NA,NA,NA,NA,NA,NA,NA,NA,NA,NA,NA,NA,NA,0,NA,NA,NA
PHVI,NA,NA,NA,NA,NA,NA,NA,NA,NA,10,NA,NA,1,1,1,5,3,14,4,NA,1,0,2,5
PISI,NA,NA,NA,NA,NA,12,NA,NA,NA,71,NA,NA,0,73,4,4,NA,5,NA,NA,1,NA,2,0
PIWA,NA,NA,NA,NA,NA,NA,NA,NA,NA,NA,NA,NA,0,0,0,0,0,0,NA,NA,1,0,0,0
PIWO,NA,NA,NA,NA,NA,NA,NA,NA,NA,NA,NA,NA,NA,NA,NA,NA,0,0,NA,NA,0,0,0,0
PRAW,NA,NA,NA,NA,NA,NA,NA,NA,NA,NA,NA,NA,NA,NA,NA,NA,NA,NA,NA,NA,NA,NA,NA,NA
PUFI,NA,NA,NA,NA,NA,NA,NA,NA,NA,NA,NA,NA,1,19,NA,26,1,1,1,NA,2,6,NA,4
PUMA,NA,NA,NA,NA,NA,NA,NA,NA,NA,NA,NA,NA,0,0,0,2,2,0,0,NA,2,1,0,0
RBGR,NA,NA,NA,NA,NA,NA,NA,NA,NA,NA,NA,NA,56,49,44,126,57,47,11,NA,61,44,68,85
RBGU,NA,NA,NA,NA,NA,NA,NA,NA,NA,NA,NA,NA,0,0,0,0,0,0,0,NA,0,0,0,0
RBME,NA,NA,NA,NA,NA,NA,NA,NA,NA,NA,NA,NA,0,0,0,0,0,0,0,NA,0,0,0,NA
RBNU,NA,NA,NA,NA,NA,NA,NA,NA,NA,NA,NA,NA,7,1,1,6,0,0,0,3,NA,1,NA,12
RBWO,NA,NA,NA,NA,NA,NA,NA,NA,NA,NA,NA,NA,1,1,1,3,3,2,0,NA,3,4,0,2
RCKI,NA,NA,NA,NA,NA,NA,NA,NA,NA,NA,NA,NA,164,188,101,147,149,258,36,NA,58,58,72,111
RECR,NA,NA,NA,NA,NA,NA,NA,NA,NA,NA,NA,NA,NA,NA,NA,NA,NA,NA,NA,NA,NA,NA,NA,NA
REDH,NA,NA,NA,NA,NA,NA,NA,NA,NA,NA,NA,NA,NA,NA,NA,NA,NA,NA,NA,NA,NA,NA,NA,NA
REVI,NA,NA,NA,NA,NA,NA,NA,NA,NA,NA,NA,NA,6,12,7,39,9,10,2,NA,5,13,12,20
RHWO,NA,NA,NA,NA,NA,NA,NA,NA,NA,1,NA,NA,0,0,0,2,0,0,0,0,NA,0,NA,NA
RIPH,NA,NA,NA,NA,NA,NA,NA,NA,NA,NA,NA,NA,NA,NA,NA,NA,NA,NA,NA,NA,NA,NA,NA,NA
RLHA,NA,NA,NA,NA,NA,NA,NA,NA,NA,NA,NA,NA,NA,0,0,0,NA,NA,NA,NA,0,NA,NA,NA
RNDU,NA,NA,NA,NA,NA,NA,NA,NA,NA,NA,NA,NA,0,NA,NA,NA,NA,NA,NA,NA,NA,0,NA,NA
RODO,NA,NA,NA,NA,NA,NA,NA,NA,NA,NA,NA,NA,0,0,0,2,0,0,0,NA,0,0,0,0
ROGO,NA,NA,NA,NA,NA,NA,NA,NA,NA,NA,NA,NA,NA,NA,NA,NA,NA,NA,NA,NA,NA,NA,NA,NA
ROPI,NA,NA,NA,NA,NA,NA,NA,NA,NA,NA,NA,NA,0,0,0,2,0,0,0,NA,0,0,0,0
RSHA,NA,NA,NA,NA,NA,NA,NA,NA,NA,NA,NA,NA,0,NA,NA,NA,NA,NA,NA,NA,NA,NA,NA,NA
RSTO,NA,NA,NA,NA,NA,NA,NA,NA,NA,0,NA,NA,NA,0,NA,NA,NA,NA,NA,NA,NA,NA,NA,NA
RTHA,NA,NA,NA,NA,NA,NA,NA,NA,NA,NA,NA,NA,0,0,0,0,0,0,0,NA,0,0,0,0
RTHU,NA,NA,NA,NA,NA,NA,NA,NA,NA,NA,NA,NA,0,0,0,0,0,0,0,NA,1,0,26,11
RTLO,NA,NA,NA,NA,NA,NA,NA,NA,NA,NA,NA,NA,NA,NA,NA,NA,NA,NA,NA,NA,NA,NA,NA,NA
RUBL,NA,NA,NA,NA,NA,NA,NA,NA,NA,NA,NA,NA,0,0,0,0,1,0,0,NA,0,0,0,0
RUDU,NA,NA,NA,NA,NA,NA,NA,NA,NA,NA,NA,NA,NA,NA,0,NA,NA,NA,NA,NA,NA,NA,0,NA
RUGR,NA,NA,NA,NA,NA,NA,NA,NA,NA,NA,NA,NA,0,0,0,0,0,0,NA,0,NA,NA,NA,NA
RUTU,NA,NA,NA,NA,NA,NA,NA,NA,NA,NA,NA,NA,NA,NA,NA,NA,NA,NA,NA,NA,NA,NA,NA,NA
RWBL,NA,NA,NA,NA,NA,NA,NA,NA,NA,NA,NA,NA,89,156,96,124,160,159,40,NA,26,35,76,30
SACR,NA,NA,NA,NA,NA,NA,NA,NA,NA,NA,NA,NA,0,NA,0,0,0,0,0,NA,0,0,0,0
SAND,NA,NA,NA,NA,NA,NA,NA,NA,NA,NA,NA,NA,NA,NA,NA,NA,NA,NA,NA,NA,NA,NA,NA,NA
SAVS,NA,NA,NA,NA,NA,NA,NA,NA,NA,NA,NA,NA,0,0,1,0,1,NA,NA,NA,0,0,0,0
SBDO,NA,NA,NA,NA,NA,NA,NA,NA,NA,NA,NA,NA,NA,NA,NA,NA,NA,NA,NA,NA,NA,NA,NA,NA
SCTA,1,NA,NA,NA,NA,NA,NA,NA,NA,NA,NA,NA,0,1,1,3,2,2,1,NA,0,0,2,0
SEPL,NA,NA,NA,NA,NA,NA,NA,NA,NA,NA,NA,NA,NA,NA,NA,NA,NA,0,NA,NA,NA,NA,NA,NA
SESA,NA,NA,NA,NA,NA,NA,NA,NA,NA,0,NA,NA,NA,0,0,NA,NA,NA,NA,NA,NA,NA,NA,NA
SEWR,NA,NA,NA,NA,NA,NA,NA,NA,1,NA,NA,NA,NA,NA,NA,NA,NA,NA,NA,NA,NA,NA,NA,NA
SNBU,NA,NA,NA,NA,NA,NA,NA,NA,NA,NA,NA,NA,NA,NA,NA,NA,NA,NA,NA,NA,NA,NA,NA,NA
SNEG,NA,NA,NA,NA,NA,NA,NA,NA,NA,NA,NA,NA,NA,NA,NA,NA,NA,NA,NA,NA,NA,NA,NA,NA
SNGO,NA,NA,NA,NA,NA,NA,NA,NA,NA,NA,NA,NA,NA,NA,NA,NA,NA,NA,NA,NA,NA,NA,NA,NA
SORA,NA,NA,NA,NA,NA,NA,NA,NA,NA,NA,NA,NA,0,NA,NA,NA,0,NA,1,0,NA,NA,NA,NA
SOSA,NA,NA,NA,NA,NA,NA,NA,NA,NA,NA,NA,NA,NA,NA,0,0,0,0,NA,NA,NA,NA,NA,NA
SOSP,NA,NA,NA,NA,NA,NA,NA,NA,NA,NA,NA,NA,107,99,65,153,74,201,29,NA,63,50,164,72
SPSA,NA,NA,NA,NA,NA,NA,NA,NA,NA,NA,NA,NA,0,0,0,0,0,0,NA,NA,0,0,0,0
SSHA,NA,NA,NA,NA,NA,NA,NA,NA,NA,NA,NA,NA,0,1,0,0,0,0,1,NA,0,0,0,0
SUTA,NA,NA,NA,NA,NA,NA,NA,NA,NA,NA,NA,NA,NA,NA,NA,NA,NA,NA,NA,NA,NA,NA,2,NA
SWSP,NA,NA,NA,NA,NA,NA,NA,NA,NA,NA,NA,NA,79,55,36,68,82,120,58,NA,18,20,24,25
SWTH,NA,NA,NA,NA,55,NA,NA,NA,NA,NA,31,NA,13,21,29,44,25,27,7,NA,10,7,16,4
TEWA,NA,NA,NA,NA,NA,NA,NA,NA,NA,NA,4,NA,8,9,4,18,11,13,9,NA,6,11,60,17
TRES,NA,NA,NA,NA,NA,NA,NA,NA,NA,NA,NA,NA,19,14,20,30,36,73,17,NA,20,18,32,19
TRFL,NA,NA,NA,NA,NA,NA,NA,NA,NA,45,NA,NA,26,35,41,82,44,74,34,NA,10,11,24,31
TRUS,NA,NA,NA,NA,NA,NA,NA,NA,NA,NA,NA,NA,NA,NA,NA,NA,NA,NA,NA,NA,0,NA,NA,NA
TUSW,NA,NA,NA,NA,NA,NA,NA,NA,NA,NA,NA,NA,0,0,0,0,NA,NA,0,NA,NA,NA,NA,NA
TUTI,NA,NA,NA,NA,NA,NA,NA,NA,NA,NA,NA,NA,5,0,1,4,1,3,0,NA,1,4,12,2
TUVU,NA,NA,NA,NA,NA,NA,NA,NA,NA,NA,NA,NA,0,0,0,0,0,0,0,NA,0,0,0,0
UNDO,NA,NA,NA,NA,NA,NA,NA,NA,NA,NA,NA,NA,NA,NA,NA,NA,NA,NA,NA,NA,NA,NA,NA,NA
UNME,NA,NA,NA,NA,NA,NA,NA,NA,NA,NA,NA,NA,NA,NA,NA,NA,NA,NA,NA,NA,NA,NA,NA,NA
UNYE,NA,NA,NA,NA,NA,NA,NA,NA,NA,NA,NA,NA,NA,NA,NA,NA,NA,NA,NA,NA,NA,NA,NA,NA
UPSA,NA,NA,NA,NA,NA,NA,NA,NA,NA,NA,NA,NA,NA,NA,NA,NA,0,0,NA,NA,NA,NA,NA,NA
USCA,NA,NA,NA,NA,NA,NA,NA,NA,NA,NA,NA,NA,NA,0,NA,0,NA,NA,NA,NA,NA,NA,NA,NA
VEER,NA,NA,27,NA,NA,NA,NA,NA,NA,NA,NA,NA,11,4,10,31,13,11,3,NA,4,9,8,8
VESP,NA,NA,NA,NA,NA,NA,NA,NA,NA,NA,NA,1,0,NA,1,0,1,NA,NA,NA,0,0,0,NA
VIRA,NA,NA,NA,NA,NA,NA,NA,NA,NA,NA,NA,NA,0,1,0,NA,0,0,0,0,NA,NA,NA,NA
WAVI,NA,NA,NA,NA,NA,NA,NA,NA,NA,NA,NA,NA,6,3,12,12,9,22,8,NA,5,14,22,8
WBNU,NA,NA,NA,NA,NA,NA,NA,NA,NA,NA,NA,NA,6,7,3,11,7,8,0,NA,3,17,2,8
WCSP,NA,NA,NA,NA,NA,NA,NA,NA,NA,NA,NA,NA,67,15,21,75,33,34,10,NA,9,11,10,19
WEVI,NA,NA,NA,NA,NA,NA,1,NA,NA,NA,NA,1,3,NA,2,NA,NA,4,1,NA,NA,NA,NA,NA
WEWA,NA,NA,NA,NA,NA,NA,NA,NA,NA,NA,NA,NA,NA,NA,1,NA,NA,NA,NA,NA,NA,NA,NA,NA
WHIM,NA,NA,NA,NA,NA,NA,NA,NA,NA,NA,NA,NA,NA,NA,NA,NA,NA,NA,NA,NA,NA,NA,NA,NA
WIFL,NA,NA,NA,NA,NA,NA,NA,NA,NA,NA,NA,NA,1,0,0,0,0,NA,NA,NA,NA,0,NA,NA
WISN,NA,NA,NA,NA,NA,NA,NA,NA,NA,NA,NA,NA,0,0,0,0,NA,0,0,0,NA,NA,NA,NA
WITU,NA,NA,NA,NA,NA,NA,NA,NA,NA,NA,NA,NA,0,0,0,0,0,0,0,NA,0,0,0,0
WIWA,NA,NA,NA,NA,NA,NA,NA,NA,NA,NA,NA,NA,48,28,15,44,22,18,32,NA,4,10,10,9
WIWR,NA,NA,NA,NA,NA,NA,NA,NA,NA,NA,NA,NA,1,3,2,11,10,2,3,NA,0,2,NA,NA
WODU,NA,NA,NA,NA,NA,NA,NA,NA,NA,NA,NA,NA,0,0,0,0,0,0,0,NA,0,0,0,0
WOTH,NA,NA,NA,NA,NA,NA,NA,NA,NA,NA,NA,NA,8,8,9,15,10,6,2,NA,4,1,8,4
WPWI,NA,NA,NA,NA,NA,NA,NA,NA,NA,NA,NA,NA,NA,NA,NA,NA,NA,NA,NA,NA,0,NA,NA,NA
WRSA,NA,NA,NA,NA,NA,NA,NA,NA,NA,NA,NA,NA,NA,NA,NA,NA,NA,NA,NA,NA,NA,NA,NA,NA
WTSP,NA,NA,NA,NA,NA,NA,NA,NA,NA,NA,NA,NA,281,282,137,378,201,333,100,NA,151,84,102,81
WWCR,NA,NA,NA,NA,1,NA,NA,NA,NA,NA,NA,NA,NA,NA,NA,NA,5,NA,NA,NA,NA,NA,NA,NA
YBCH,NA,NA,NA,1,NA,1,3,NA,1,NA,1,NA,1,NA,NA,NA,NA,NA,NA,NA,NA,1,NA,1
YBCU,NA,NA,NA,NA,NA,NA,NA,NA,NA,NA,NA,NA,2,1,2,0,1,0,NA,NA,0,2,2,1
YBFL,5,NA,NA,NA,12,NA,NA,NA,NA,NA,7,6,9,8,3,29,4,9,6,NA,4,1,8,14
YBSA,NA,NA,NA,NA,NA,NA,NA,NA,NA,NA,NA,NA,2,0,1,1,1,0,0,NA,0,0,0,0
YEWA,NA,NA,NA,NA,NA,NA,NA,NA,NA,NA,NA,NA,200,153,159,286,187,328,107,NA,142,123,224,127
YRWA,NA,NA,NA,NA,NA,NA,NA,NA,NA,NA,NA,NA,36,30,29,92,278,35,42,NA,46,62,26,34
YTVI,NA,NA,NA,NA,NA,NA,NA,NA,NA,NA,NA,NA,0,NA,1,0,0,1,NA,NA,3,1,4,2
YWAR,NA,NA,NA,NA,NA,NA,NA,NA,NA,NA,NA,NA,200,153,159,286,187,328,107,NA,142,123,224,127
NA,NA,NA,NA,NA,NA,NA,NA,NA,NA,NA,NA,NA,NA,NA,NA,NA,NA,NA,NA,NA,NA,NA,0,1
